-92;91;-71;-47;-71;-93;-70;-46;62;58;22;-2;19;-44;-10;61;-5;-35;-29;-10;-34;55;10;71;67;95;-42;11;73;92;-43;-23;98;-53;17;-47;49;82;-37;-51;29;-16;-78;-31;92;-85;-38;-5;24;-46;99;-100;-71;-57;66;-48;-19;-42;-14;-66;49;19;-20;70;1;-56;-1;-29;38;-63;-89;13;-99;-79;60;82;32;-60;78;52;32;63;86;19;93;-43;-52;55;-19;-36;72;-9;-4;-71;0;-90;-97;-48;68;47;15;91;56;-13;-58;-14;98;-93;-18;84;19;-60;-20;34;1;86;32;61;76;-56;96;44;90;-26;-36;20;-84;71;21;50;78;-20;-29;-70;-64;40;-94;-1;-24;7;-42;-60;-27;-3;44;32;-90;62;27;13;-23;-58;-24;24;50;71;-100;-18;-78;21;-31;-73;-15;31;-95;-61;68;-51;-3;60;79;-67;-16;-32;85;56;-30;-7;30;32;9;-47;-56;-93;-28;35;-96;47;-20;-35;39;24;-24;54;-62;-69;54;41;-9;4;63;61;-35;66;34;-56;58;-93;38;94;0;7;51;-10;-89;-84;83;-23;-41;-30;-65;-79;69;-69;-80;-45;57;29;-70;54;-99;29;-99;-75;69;48;88;-23;-27;-72;76;96;-92;-14;64;-68;72;86;43;-79;-52;-23;-18;-80;-31;41;92;-67;45;-21;-13;-71;76;84;92;71;5;26;20;-37;-73;5;-96;-70;-7;-62;-87;-17;-33;88;-18;70;86;-92;6;24;-53;81;55;-73;56;54;31;94;41;47;-81;-77;-7;93;26;-55;-35;-21;94;42;-28;-49;26;-70;28;9;66;57;96;16;-57;68;-22;-33;23;24;70;-7;7;-28;74;-90;-11;46;-81;89;89;-27;-38;-64;5;6;-86;64;-49;96;-46;25;-2;-54;88;73;97;-75;4;-49;45;-75;-31;-98;-25;71;72;21;67;-38;61;80;-89;38;19;-8;-6;60;-90;36;53;14;-84;27;-31;-55;94;-40;-16;-100;-88;-36;-58;67;-56;63;-97;-40;61;34;33;-7;96;89;-66;-26;14;60;27;-5;-21;-64;-86;67;-3;-69;-91;41;32;-71;76;12;-64;66;-51;-3;38;-57;-6;56;-12;-66;99;-24;-98;-40;17;-74;-7;95;31;-66;33;88;21;76;-51;-26;-30;-88;53;-38;28;31;57;-79;-44;-70;39;37;35;-30;-34;71;-93;-56;-63;38;64;-64;14;82;-52;36;-2;42;79;-52;-56;-27;-53;-37;72;-19;-98;-74;6;-33;18;81;-96;-13;-13;55;-40;-40;68;62;81;-24;38;11;9;-67;-2;71;-87;92;-68;-86;-58;-92;85;-35;-10;-29;-2;84;68;80;38;69;-81;83;-68;-74;-5;-7;-25;-62;74;-83;-34;67;34;36;54;38;82;-70;-87;14;-65;4;39;96;2;-79;-35;88;62;83;93;-99;38;69;-9;25;-99;-29;-24;19;16;94;-60;-76;41;-83;31;54;17;59;-99;38;66;-76;34;15;-56;-64;24;-27;-72;-13;-24;91;-76;-35;-71;65;-56;-72;37;11;54;-7;97;-60;-36;14;-46;-16;-10;10;-30;-98;81;-45;-66;13;-65;75;-19;65;46;-97;-9;-72;18;-52;-100;-24;88;66;9;-11;-78;-10;83;-27;-74;-7;-49;29;82;-60;82;17;-83;-27;-90;68;-70;15;29;-31;46;72;64;51;-98;69;22;-85;13;77;-4;24;-99;81;80;-10;-29;61;-13;41;24;51;83;6;-80;74;-89;-56;-62;-69;-55;-28;-64;-60;42;-50;26;-69;-29;-43;70;-64;-85;-96;43;-42;15;-65;-7;19;-3;-31;-72;87;44;94;88;-43;31;-73;58;-22;76;-18;32;-76;-13;60;-61;30;63;-61;-10;-70;71;-13;36;78;63;62;-42;75;51;18;34;75;-56;-52;-5;47;-39;-31;0;-57;-1;-8;-41;33;-29;19;70;54;96;62;56;-43;79;98;-84;-43;-42;-90;-6;69;68;82;26;-42;47;56;79;-62;-35;-9;-31;-6;39;-54;31;-21;-72;-98;6;-57;91;4;79;88;62;-23;96;-54;-68;-62;-12;-49;75;31;-25;16;65;-100;86;15;39;31;-11;4;-7;-38;17;33;-34;37;-72;-44;3;-50;77;-36;-97;38;-4;-31;60;33;-94;-73;-97;-83;18;-93;71;-86;13;-73;-85;91;3;-41;-86;-26;-5;-1;59;-38;79;-6;-91;-68;48;24;54;-90;13;-73;4;16;55;-94;24;-38;1;-25;43;10;61;-48;-77;-99;-60;11;46;18;-51;28;-58;96;10;-3;53;11;-83;71;-31;94;-47;60;1;-14;23;-1;-64;-4;34;52;73;-81;56;-51;1;27;-29;-92;91;-64;77;-65;60;85;84;7;-94;-43;-47;-87;-56;30;-95;49;-44;-100;51;36;-23;41;-25;-51;83;-3;54;-77;-60;-40;96;-74;-60;-91;79;-67;-84;-83;-100;15;2;-85;-8;78;-57;21;7;-57;-87;-93;92;0;75;34;30;-51;60;27;-48;-37;-70;61;-33;45;-39;-74;72;-65;50;72;32;-61;-100;-65;-66;-38;-52;-4;-94;-39;89;10;-91;-67;-32;-4;-50;5;-22;29;-28;-11;65;36;-16;41;48;47;17;-83;48;-28;-7;-59;-26;53;-1;40
-1;-33;-99;-36;21;90;-27;20;51;-67;-24;65;75;-34;56;-80;-1;-57;-26;-36;50;-7;14;1;79;88;13;17;-83;68;58;14;96;10;-94;-90;28;-92;67;74;-38;64;89;14;-30;52;-59;-18;15;-28;41;-69;-21;-65;90;-95;53;0;-16;33;-23;56;2;83;-25;61;68;-35;-40;46;-8;-9;-25;-1;-99;85;4;-100;-70;-74;46;-69;-98;44;-74;27;-65;61;20;-100;-43;-72;23;-66;-3;6;-39;-94;-62;8;84;76;-79;69;80;-50;55;79;-66;-96;1;52;-31;-43;86;-54;54;57;57;47;26;-94;45;-41;-11;-37;67;-59;-98;-6;23;-3;61;21;-58;70;-91;-67;64;75;71;-44;27;15;-1;4;58;-35;-52;-50;52;3;-51;-9;82;77;-70;62;-21;16;-17;14;77;39;-20;-97;91;47;-85;-85;-64;21;93;81;75;-30;-22;-71;60;84;5;2;93;51;42;-80;-52;-30;39;-36;40;-53;53;-52;-8;-43;-21;88;-65;-5;12;-90;-50;-68;-86;-70;10;-33;15;12;-1;-100;-98;-5;-89;80;20;-75;97;-40;55;21;-92;50;-25;89;68;45;-11;17;91;-10;94;-36;-29;-6;-49;60;37;11;9;80;54;-73;65;39;-56;-43;-63;11;37;-47;91;74;40;91;-98;0;57;-76;-38;65;78;97;20;-92;-95;37;-77;16;28;60;-13;-15;50;74;66;81;84;35;44;10;8;77;80;37;-1;-80;24;-20;-8;51;-97;13;-52;44;-98;56;6;57;34;7;-66;20;82;76;66;5;-77;65;-75;-80;15;-78;-20;52;-43;-100;-83;83;9;85;-87;42;-76;76;56;74;-64;-94;71;-91;-25;-73;-99;-63;-25;87;95;-97;71;93;96;58;-45;-29;-65;81;-68;-4;-13;-98;39;22;-53;48;-7;-9;-4;-95;-81;91;-32;-83;93;-85;45;-12;-80;-58;-24;-31;-95;-87;-88;15;89;-46;-13;52;40;75;41;40;19;69;-30;52;79;-48;43;83;-10;89;83;79;24;78;64;-60;25;47;60;90;-81;-83;97;26;10;31;59;-61;-96;44;-36;-56;-51;28;-2;-76;45;93;9;68;-1;-7;79;-84;-71;-68;91;-90;-11;-53;-74;93;-85;51;20;1;71;43;-59;-53;-8;4;79;46;24;39;29;96;-20;40;-6;31;-62;91;-10;26;-62;81;-3;-22;40;49;49;56;17;-29;-71;-2;-93;96;-47;-99;52;-39;-25;95;14;-68;-8;-11;2;95;29;49;52;-5;55;-77;-40;94;-37;90;-54;63;7;43;54;-78;-71;-48;10;-69;88;-16;-13;-7;79;76;16;-5;-88;-95;-11;-93;76;45;-80;-100;-96;-78;15;-95;-63;-88;32;-38;55;89;53;32;-60;-9;-97;-61;79;-30;-94;-56;-38;-41;15;78;7;64;82;-42;0;-62;87;62;23;54;-82;-94;37;4;93;75;51;-76;37;90;-78;84;-45;20;-99;-50;-73;5;38;75;38;44;6;36;-2;-27;-71;-26;62;16;-98;91;-92;-15;-27;96;2;-26;-23;-69;-7;-63;21;24;56;23;9;-38;-43;-50;-89;-19;-76;48;-84;-26;0;-100;-95;20;45;-23;-38;-79;88;-69;75;69;-53;-96;47;52;-72;6;-18;0;-78;81;80;75;63;67;-83;11;5;20;67;-40;-31;99;-4;1;-31;56;-15;-85;75;0;36;24;47;39;-85;-48;2;-42;-47;17;-35;15;-49;18;-81;-70;56;78;-40;51;15;-33;-37;14;0;-53;7;-54;-17;-29;-79;-34;25;21;-55;-45;-73;-76;52;64;-92;-53;-34;-50;94;53;47;78;-18;-62;-100;7;55;-76;84;-32;-40;-67;-62;67;44;-44;74;82;-4;99;90;29;-27;63;-98;32;-75;-5;42;-32;-99;-87;20;47;0;29;64;-55;-29;13;11;1;36;76;95;94;85;85;-81;52;-27;-16;54;95;62;-83;4;18;-64;-33;-19;-41;-19;16;-33;-53;13;-9;-34;-85;-8;28;10;82;-13;-11;92;-4;68;-93;47;-60;-25;90;95;16;-41;24;84;-18;-76;-55;-91;-97;-68;-49;-81;-80;9;47;-19;-7;18;-96;-41;44;73;71;7;-27;-76;-93;49;-72;20;-60;84;-9;20;50;87;88;6;83;90;-54;19;7;50;-64;-31;72;87;-80;26;-47;22;-29;30;-49;43;-13;-83;11;-42;-84;-4;80;-17;91;-33;28;0;58;60;-8;87;34;-87;-87;-76;-34;-79;-30;-96;-48;-81;28;1;-33;18;12;60;-31;-93;-1;71;95;25;73;50;39;-76;59;69;41;-29;-71;-40;-67;-35;87;-43;17;-74;-23;-34;46;7;-95;96;67;-21;-85;-28;54;67;-70;51;-40;21;91;-92;-61;-38;-15;-59;-38;1;-37;80;90;-32;-32;-99;30;-46;-58;-58;29;-67;-75;-12;19;77;82;-40;-92;-14;-86;73;-59;-23;99;11;-27;79;-83;-46;41;-65;-97;-56;-57;-75;-94;-1;-90;-87;41;-1;24;87;-79;-73;-4;3;-12;-38;-21;-75;-68;76;-13;-11;39;12;-31;56;28;51;-64;87;1;-6;-71;81;-56;-6;70;-17;-51;95;44;14;-52;-47;-44;71;-85
70;-10;55;75;16;-98;-73;56;54;-14;-7;-70;-46;-15;90;-38;36;-14;27;98;15;-41;93;-9;96;75;-63;-69;73;-60;-15;-44;-3;40;57;-39;-19;-88;84;-9;-98;-76;-11;-92;-23;-47;95;9;53;-49;12;67;28;73;0;11;-4;-37;78;40;64;95;83;13;-100;-64;32;13;27;29;81;23;1;-64;96;-10;69;85;-86;42;80;28;-23;21;28;17;28;24;-60;-54;64;-82;-67;-57;26;-94;-59;76;-92;-60;21;-18;81;-76;-30;88;-35;-8;76;-91;42;11;-51;-64;60;-64;17;-39;85;-18;8;-92;-28;-19;65;62;-11;-43;9;89;-51;92;76;73;-79;-2;46;-47;-49;39;-48;-64;47;-69;4;-47;69;97;-17;-11;-12;79;90;25;32;13;-91;0;-41;7;-2;-93;82;86;59;49;34;-25;-85;-38;-10;-36;-91;-55;-70;-28;-40;-59;76;11;93;-8;74;-81;1;-31;-98;-49;-59;8;-12;-55;94;44;-59;-56;-46;60;-29;55;18;-7;82;-79;99;-76;70;44;-5;-40;-48;68;23;47;13;-94;-67;62;-15;-10;46;-17;-67;7;73;-56;-30;-36;-96;86;-83;0;69;-79;93;-1;10;53;-80;-23;-1;-43;56;81;-45;20;21;-54;-69;-66;-90;-9;-25;81;-92;-65;-41;-25;-53;54;54;5;40;9;-58;51;98;1;53;-87;-4;-20;42;-92;90;-11;26;-48;-49;-48;22;-77;-67;69;75;26;-75;88;-87;58;-61;-65;5;-34;23;93;17;-53;38;4;21;-80;-7;-83;38;30;49;-33;90;19;8;-93;-77;94;-69;31;-29;70;33;15;26;-90;-12;95;74;-39;75;-25;-16;97;72;-21;14;47;31;2;29;-84;-69;-56;77;58;97;-6;-51;-68;-89;10;-66;92;22;46;13;-78;77;10;32;-3;-58;-23;55;-27;82;93;46;-71;-8;-24;-37;28;-99;-46;38;-11;38;68;-87;93;46;41;-51;-36;-59;-8;-26;-75;66;-9;69;-80;70;-68;74;54;-11;3;76;-96;47;-80;39;34;-54;6;91;-33;-92;-77;-17;-92;-3;38;51;0;-73;-10;-68;-11;18;21;-38;-99;7;-58;57;68;-20;84;-100;-65;92;-91;-54;25;-99;15;-82;35;1;-93;-84;42;-93;60;23;-68;-20;-27;27;98;-29;-14;-15;-75;57;38;-73;-96;48;-78;86;-77;-77;-52;-84;-12;-8;-74;-1;11;-28;-3;87;11;4;20;93;46;19;25;-13;-93;-43;-99;64;5;23;-80;67;-37;-12;-86;86;-21;-80;93;18;58;44;-66;39;-46;74;-85;26;73;-2;73;20;-64;44;-20;-16;-78;34;79;66;-79;-16;10;64;-29;-42;-65;-77;-42;10;8;-9;11;-98;-66;-98;-16;85;-68;-67;-59;-25;90;-94;49;-1;31;18;-93;29;64;44;-60;-74;-4;-26;-67;-31;-32;96;38;92;-32;-37;90;-18;-92;-66;10;-22;-100;-64;1;46;24;46;-6;4;-86;72;27;17;-85;29;46;64;-50;-15;5;60;68;-86;17;-64;-5;-51;-93;26;-84;-33;-10;-4;-92;28;29;27;-58;-6;1;50;80;29;-46;-5;-31;-79;76;39;17;-74;-69;23;29;49;9;85;19;-35;-50;-25;38;67;-13;47;-19;-70;8;-13;99;-81;21;55;84;54;80;-61;60;-79;66;-26;-27;-32;-91;90;-65;67;67;-42;-82;44;-92;76;-57;-74;-89;-88;-59;7;-86;-62;12;-12;39;-2;4;-24;39;74;69;-30;-76;-3;-1;76;-99;-30;58;-3;11;13;-37;-51;-32;-45;-89;44;11;57;43;67;97;-48;-93;27;61;84;29;11;-15;59;-72;92;-11;48;19;10;-23;-33;-76;40;-46;44;95;0;75;-38;-80;-17;-13;60;64;81;-69;-99;-28;72;-11;71;-85;-84;41;-54;-88;52;-15;-29;60;20;36;0;-34;-56;32;-98;13;-47;-44;7;52;-1;64;-54;-76;25;94;-54;60;-13;-25;46;-79;6;-48;-93;99;-93;31;-57;-85;3;1;0;46;86;-7;19;-52;-71;-12;-82;15;82;-82;15;-48;-5;-78;-13;57;-62;10;-28;-56;90;-21;60;92;24;-98;5;21;-87;-9;-52;97;-37;-1;-63;-69;-26;97;31;99;-44;-69;-62;-13;36;54;4;85;-56;-14;76;93;-72;-45;56;7;32;27;24;-74;82;-3;2;-10;69;18;89;95;84;-45;-18;-60;78;-27;88;59;-60;-28;-44;69;-2;20;-23;27;15;-45;68;-92;43;29;-1;47;-27;4;-84;59;28;47;17;-82;65;8;-100;89;-97;35;-86;55;-34;97;-33;-41;-29;54;28;-38;-81;75;75;14;49;80;-48;-46;55;35;67;-27;-44;-71;-70;-8;55;-63;-97;89;19;-13;23;79;-60;-87;41;46;-38;-61;-25;19;76;53;39;53;72;-97;-31;85;-44;45;-66;-32;68;40;-2;-63;66;74;4;-67;50;39;43;32;-49;95;-27;35;-62;5;92;15;-41;-53;-3;3;-11;-24;20;51;68;-82;32;73;-47;-46;-89;0;15;3;79;-12;35;-58;69;-64;-90;-94;1;77;29;33;46;51;53;18;-91;21;-58;95;48;-11
-46;52;-35;31;-93;69;-21;97;83;73;-80;34;26;3;80;-83;-22;-39;-8;-18;75;42;-79;-65;-29;81;-81;35;-55;-10;-43;19;55;-11;-66;82;76;-63;-71;-60;27;4;93;56;12;-88;-76;-51;37;92;-58;81;2;-35;14;11;31;-70;-40;-75;50;43;51;-7;15;0;78;-64;-31;98;-60;-60;-68;-49;54;-29;49;-35;22;-41;56;69;97;-48;-53;-24;-83;-10;75;22;-49;46;76;-97;-10;84;52;0;-60;-89;-67;88;80;39;51;-99;48;-49;10;-57;62;-34;7;-100;-31;80;45;-2;-55;-61;-17;-12;-39;46;47;-6;-36;-71;61;70;18;-51;-76;10;-74;68;89;-42;1;-55;28;65;79;31;60;85;-62;75;33;10;-62;-47;-46;-99;27;44;26;-66;91;-43;37;19;-11;40;24;13;-59;96;74;1;91;-13;97;-100;11;17;9;29;85;62;-45;-12;-5;-49;32;-35;94;-78;82;-18;-59;55;-34;-57;7;-91;-24;-62;-93;-53;43;-59;-99;-68;18;51;-45;-46;-10;-90;-66;96;-52;-71;-99;-51;-77;-62;-92;-41;18;-81;-86;-8;-41;-64;-80;54;-8;2;-59;-30;22;37;-82;-86;-14;-37;32;80;-90;40;31;72;-53;-56;6;-64;-59;-42;85;-63;-70;48;29;23;-73;8;72;-18;31;1;62;88;68;63;-26;10;-89;87;62;59;6;-73;-52;77;-12;-59;-55;-85;29;83;12;-67;16;-96;-60;74;-92;-5;86;78;-9;-51;-51;8;78;42;-96;-17;70;95;-75;-47;-5;-74;30;-98;-1;51;-65;86;-37;57;53;47;88;28;-28;63;23;-1;2;16;-99;84;-32;-43;78;40;99;45;-63;61;-56;33;57;-41;37;-11;-26;-63;-25;-44;-41;-100;14;33;-5;1;20;-50;-30;-60;59;-29;-7;9;-49;11;58;-28;-76;59;52;-10;49;1;12;-80;90;29;90;82;-11;-14;-77;-55;-44;-99;-31;34;62;-24;-81;49;-26;96;-99;73;-61;-53;-93;-74;31;-99;-88;16;4;68;-49;-88;-79;-25;11;91;-41;-13;51;-27;-53;-53;-48;-50;-58;-77;10;48;39;-97;-85;52;-1;38;80;42;21;64;-49;-13;-27;7;41;-13;50;-44;13;-13;65;-73;-11;87;-55;28;26;92;94;56;83;8;-9;-36;77;0;53;-2;13;-18;-6;68;-31;-6;-64;-37;-100;40;5;65;0;85;10;-77;82;11;13;-72;7;71;-88;88;47;65;80;42;96;-92;29;-60;34;-49;43;-69;92;96;58;95;50;81;27;86;-14;-71;-44;98;98;-32;-18;-35;87;24;90;41;-31;6;-80;4;13;-7;-33;92;-90;-36;-70;-52;-59;-22;-70;85;53;18;-23;25;-56;-74;1;17;8;82;44;27;26;-36;-47;-91;-40;-98;61;-15;76;-47;-19;-44;14;35;75;-79;99;-93;56;19;-63;-4;12;-31;-53;-35;-3;-57;-95;3;95;31;49;39;-34;46;-89;-79;87;-61;17;45;-91;-1;-64;-80;-90;8;-50;-21;18;1;-74;-75;-10;-71;52;83;62;95;5;17;-21;-27;-42;50;7;75;-32;-71;-90;78;-80;16;-99;-8;-14;-88;-68;-74;-46;88;92;26;84;-6;5;23;-51;-64;93;-73;-42;91;34;99;-35;36;-59;-14;12;-65;-61;-79;-31;40;-20;9;-77;98;43;39;50;35;40;16;25;53;-12;63;-56;84;25;-68;-65;82;19;-72;82;-98;-74;49;71;46;13;-81;48;71;-44;-56;-87;96;0;-49;-7;-46;-23;22;-49;-83;-26;11;-52;-23;-58;28;9;-93;85;-14;-80;-48;26;-79;71;93;68;-96;-78;21;68;53;-3;-56;50;-52;-17;-26;39;81;5;96;77;64;27;14;1;-7;4;84;9;40;85;70;-77;61;-31;-22;-21;-1;-15;-28;0;29;-51;20;-86;-96;27;93;-56;-65;-32;-96;81;-76;-25;62;-7;-44;-9;-25;0;-63;-88;-73;68;26;-80;88;79;-96;95;-61;-4;-68;-4;-53;14;-93;0;-3;66;10;39;-26;-28;81;88;99;-14;6;85;-78;-93;-90;72;-38;17;-79;52;-13;83;38;-86;-61;-61;-72;7;48;27;-72;-53;-14;56;94;8;89;-3;38;54;86;38;-79;2;-28;-81;72;-68;-15;-40;-67;29;-7;-45;-88;13;-72;-4;-1;-66;-56;-27;-60;-29;-43;-41;-1;-34;-87;1;82;65;79;-33;65;49;62;-65;41;-80;-34;96;-78;-13;-6;-2;54;-70;43;-20;-20;-8;97;3;10;12;-3;49;-55;-87;20;6;-82;84;-23;-33;49;-75;-11;-37;51;92;55;-21;67;-53;-49;52;76;58;4;-32;23;32;-80;-11;67;-25;56;-48;-49;-87;90;27;0;60;77;-63;-91;-73;49;28;41;-21;29;-12;37;18;36;-38;-39;45;72;-14;9;-49;83;-14;63;88;-1;-27;-31;-63;-89;38;-98;-72;78;-93;-30;-87;42;49;-91;75;27;-57;-98;32;52;-51;39;-7;91;6;-60;4;-82;-51;76;-10;-26;-79;27;-25;-41;4;-32;91;-14;9;39;28;92;-53;-98;-78;-24;33;24;40;-16;-70;-65;-51;34;76;-55
4;-3;-3;-91;29;-70;79;39;20;-78;34;16;-77;75;-90;-54;-57;10;-89;0;43;4;-83;-72;-15;24;-64;-94;-57;86;-23;41;-18;-42;63;-6;88;-1;-91;-2;-87;8;-19;-100;41;-84;1;64;-27;84;91;39;22;-25;2;-100;-20;-31;24;-96;93;73;-4;34;45;93;-66;64;-89;16;-42;44;0;13;-13;-65;-78;-84;-14;-32;-77;-29;32;-42;94;37;-82;-93;55;63;-87;18;74;-96;4;-61;-89;47;-45;47;82;36;53;57;26;-53;-62;-91;87;-33;77;-37;82;-45;81;21;-60;-63;39;-93;75;-74;-91;-52;2;39;69;-4;-91;-53;-77;-25;61;39;-14;-13;18;75;32;47;-1;-91;-81;-12;85;50;36;18;-77;82;99;74;-92;-52;72;55;26;4;-46;87;-22;42;-100;40;-56;2;1;-57;69;-7;-97;-35;5;92;8;66;-93;20;-37;52;-97;-50;-28;-74;-52;-52;-34;13;66;31;60;-87;21;45;-32;56;-92;-21;-56;-18;-52;-8;49;30;78;33;-31;-84;40;-94;47;-95;-59;2;83;-73;-30;73;-9;95;-65;88;-24;-63;32;89;44;59;23;51;57;28;-24;81;3;10;0;41;-53;14;79;-50;72;60;83;54;72;-82;61;-59;-14;-65;87;-52;-54;-41;-84;11;97;89;89;9;-8;88;-51;-81;29;-40;98;-27;27;28;25;76;-84;85;-85;16;-46;78;-83;25;98;-18;-35;22;40;-73;34;-57;-6;88;44;-42;25;-31;57;84;11;63;-75;12;-80;-13;13;57;9;-89;-68;-39;-57;-1;-43;-81;71;-36;10;-90;22;26;-21;1;25;54;79;38;83;-33;-49;46;-73;-69;-95;-9;52;5;5;11;68;8;-87;29;95;-27;-100;94;31;25;-14;-39;58;47;-39;84;-16;23;86;-35;8;75;73;-59;59;-14;-67;-88;-6;66;-34;-34;59;99;-58;-86;13;50;6;-49;54;84;-94;-42;80;90;87;-21;69;-80;-94;-72;18;-61;-98;92;34;71;69;8;-61;87;0;65;-42;-80;1;58;4;-54;-29;34;-83;34;10;23;68;14;-39;69;-2;54;-58;-27;59;-63;47;19;96;-51;-20;41;80;97;-88;67;-16;-59;-100;59;-12;-72;75;23;49;-28;-89;83;29;-21;-77;-81;10;99;-91;-15;44;-73;-95;-80;-28;82;61;-46;66;29;53;-80;22;43;-61;26;14;1;-19;-30;79;19;23;-14;-74;63;90;17;-74;-40;-69;80;87;26;-78;-44;-64;79;-13;5;-34;20;56;-80;19;90;-39;85;-60;-4;5;-92;18;39;6;-75;4;18;93;8;92;-56;-72;5;-3;72;-68;95;21;82;-10;34;-86;75;-97;-42;62;2;67;-65;2;-96;-24;29;55;-77;-38;-52;-80;96;52;17;85;78;13;-79;-9;-49;22;46;58;-35;-37;-43;-95;70;93;42;35;-53;-38;-99;51;58;-94;87;68;-1;49;-26;10;84;75;24;-70;73;49;-64;-38;82;67;11;80;-79;-23;-64;40;-82;23;85;-71;19;12;72;33;50;66;-73;71;26;-47;92;2;-52;-65;73;-10;39;-73;-68;-79;57;-20;53;-20;51;-79;29;-20;69;-54;49;75;64;-56;90;-29;-98;90;-21;-93;21;-36;35;28;74;-92;31;85;3;46;-99;91;-9;64;-29;-61;59;-8;82;29;-64;47;-99;-21;3;-83;38;-97;-55;2;-13;48;47;-76;-1;-7;44;-76;5;42;-11;44;76;-77;-56;58;-16;99;73;51;12;9;-92;49;71;74;-38;-45;-76;57;-30;27;40;-99;-41;-47;-57;-34;-35;78;-6;34;87;-61;-60;-9;70;78;-65;45;33;38;-70;-7;89;77;39;97;-47;24;-70;-12;99;47;-29;61;-96;74;63;90;14;-83;34;94;-43;77;22;69;9;-21;-97;-17;-80;-21;-76;32;-3;-54;-89;-19;13;-55;-88;40;47;-95;35;-61;67;-22;-13;95;-86;-56;-70;15;-97;-65;-64;-88;-45;70;-12;74;20;46;-32;20;23;39;-36;57;62;-18;-23;-31;-95;94;-54;-48;-58;-18;-99;-70;91;-92;-31;76;-52;8;28;-39;-90;99;-74;43;57;-63;-81;-99;37;-86;16;-72;-86;29;-67;32;67;61;10;-91;89;84;69;72;69;-43;83;12;-23;-8;-29;-86;-90;-98;47;63;-45;33;11;67;74;-55;14;-73;65;73;-85;-39;75;36;-92;-13;98;19;-28;-74;-71;-46;74;-1;-46;6;23;-55;43;2;-83;-88;82;-31;-24;-67;-51;42;-66;43;-31;42;-94;96;-59;21;37;40;-17;84;-85;-9;30;21;33;-99;59;-88;12;-32;21;-31;-16;-37;55;-97;-21;5;-41;75;-63;-45;-16;29;56;-13;-53;77;-43;33;68;83;61;58;-14;26;-19;-40;36;-25;-27;-63;-70;66;-79;99;-42;42;-60;-63;-59;-68;-20;8;46;60;-94;-99;64;-54;53;81;54;79;-1;38;8;25;77;-72;21;-81;68;84;1;-100;-75;18;7;57;-72;4;37;-81;-9;36;2;-47;-88;26;19;-20;-5;-10;21;-9;-17;-50;-34;-18;-9;32;65;-89;16;-78;-37
-5;-93;46;34;-12;-7;-93;-83;-51;-56;34;-13;62;-64;-46;13;-50;9;-59;23;-22;-37;-91;16;74;-49;-76;-35;-5;38;25;3;-31;-28;-94;-54;-35;91;-69;87;-12;-28;-28;-53;49;63;3;-54;-64;-81;15;2;-25;-2;85;-68;97;-70;60;-64;-31;41;21;10;19;-70;-83;-10;-70;-92;-53;-41;-23;-46;-65;-95;91;62;67;-89;47;78;-71;-24;-77;-78;-72;70;-13;73;-52;-65;-69;94;17;46;51;62;27;18;45;-87;-85;-73;71;-44;-76;-79;-37;79;-59;-65;-38;48;-11;-10;12;-55;-14;-3;-99;-53;-97;-44;60;-88;-73;-17;36;-11;-46;-71;-66;-51;-34;34;62;-99;4;67;97;-93;7;7;32;-87;72;-18;5;-74;-67;5;-25;-70;16;-2;-90;59;-33;59;-72;41;-16;74;25;-88;-100;-87;-18;55;28;11;41;18;-1;94;39;-5;24;46;-61;44;78;9;-45;48;53;-96;32;67;23;-98;33;44;38;-44;22;33;81;20;-87;59;-100;50;-2;22;64;56;30;22;58;14;-65;21;19;-17;63;75;18;77;-42;95;-19;14;-69;25;77;96;79;-57;-29;-94;13;-97;33;-21;44;-73;-90;33;83;96;-26;-91;-91;-92;67;-88;-75;-46;-7;46;-86;-96;-39;-83;-22;-15;18;72;45;68;76;-13;-49;51;-100;-69;87;-61;39;35;64;85;94;-39;21;-29;5;-77;58;64;71;24;50;24;92;9;41;15;-99;-42;9;-62;87;-86;-81;87;58;-43;-93;36;-76;85;15;57;82;-71;-91;-100;-4;-94;80;-5;-86;81;97;-49;36;26;59;-9;-11;-28;-62;-20;-75;26;97;79;-59;34;13;-53;-85;-79;39;86;-91;92;42;62;-1;41;-81;94;-22;-87;-77;-94;-83;68;-50;-69;-3;16;-54;52;46;-66;32;-45;-69;-70;58;61;-7;33;-20;92;-59;-89;-58;44;84;96;91;48;-48;-57;-98;-88;2;90;61;-27;-16;-19;49;-2;75;87;-61;74;-40;-13;31;-31;83;-43;1;45;33;-69;65;-94;25;5;-53;1;25;-2;-1;2;-68;19;52;-60;-32;-16;-23;-89;83;81;-84;-46;71;-33;-17;-4;-35;22;64;94;42;-44;-22;-29;-75;55;48;78;-66;-52;73;-23;-13;37;41;40;34;-10;-100;-2;80;-10;61;52;-86;10;-66;-43;-79;50;-65;-97;33;5;60;75;-59;-20;-86;13;36;-1;76;35;-93;39;67;-66;26;43;62;74;21;-34;-86;-48;-5;26;-43;14;20;-10;56;-17;-88;70;44;82;76;65;-1;-46;-25;-14;62;-19;13;-74;44;-26;43;-100;31;-22;88;-39;-19;-33;-10;7;-20;14;-78;0;92;-54;43;-8;22;-64;95;84;-43;60;-56;7;-2;-66;4;33;39;-32;81;82;71;20;58;-23;-5;51;-11;-23;-9;-31;-15;84;-69;75;-7;16;38;-80;3;8;-21;58;42;71;-66;-20;62;-54;62;57;68;-89;33;-60;29;-28;-13;-35;97;71;47;18;-7;88;-26;-41;-24;23;40;88;95;19;65;-27;3;-88;77;87;-57;-86;88;-58;14;34;1;-27;-49;91;-54;-79;-72;-28;-78;31;60;61;-35;54;-4;74;-96;-61;5;74;62;-51;-54;-41;37;16;-5;0;-79;82;83;4;-97;59;-13;-99;-93;-15;-24;19;59;22;-4;-67;12;41;47;-78;-10;-32;-90;49;37;39;71;-49;-74;92;-47;29;25;28;-49;-61;48;-45;57;5;-33;-5;66;18;62;86;-85;-60;52;-88;46;95;69;-28;-91;52;72;-67;67;-36;87;-65;74;-85;-69;46;93;-70;-30;-44;-15;-44;83;-59;55;95;1;-8;86;51;23;31;-1;-87;-55;-42;60;-47;18;-2;-33;14;-12;-7;18;-68;20;51;-14;-84;92;84;69;-4;27;-11;-89;28;17;-86;-50;-21;-53;-84;41;-45;36;60;70;73;86;40;11;72;88;70;68;-10;22;23;-26;50;-95;70;58;38;62;-98;-14;55;-54;-69;36;4;-53;88;-34;-29;51;-38;-5;60;80;13;-71;-48;-27;97;7;56;21;21;-95;94;40;0;-26;-23;-43;-98;-7;33;-26;-86;27;54;-96;-93;24;-100;3;-4;38;-40;-73;13;69;-8;40;6;-35;64;-6;29;-66;24;-75;42;64;47;13;89;-86;49;68;62;-14;66;85;-26;-53;-35;-28;7;-47;-76;82;45;66;-74;30;82;37;51;36;28;-62;44;80;-98;29;-38;-57;77;-14;14;-18;89;-9;-36;-73;-97;6;-35;-42;99;-8;87;-24;-91;42;-21;75;37;-84;31;-48;-37;-88;-61;23;41;86;83;45;85;-78;-6;-80;38;42;93;-46;2;99;26;-25;-29;-8;36;-64;-49;-32;70;-40;-51;-13;6;61;55;-38;-81;76;-49;41;-15;-83;22;20;-28;77;98;66;37;-33;49;-75;-28;37;-11;-45;80;70;-25;-97;-28;-28;-85;23;-5;-2;16;33;-35;-24;22;-84;-98;60;13;9;53;50;-81;59;-63;-16;31;2;10;-76;-86;68;-29;-1;-19;-52;0;-53;-32;-88;-99;99;-76;73;-39;-36;1;-40;44
32;-78;12;-76;79;2;-70;50;16;65;88;41;13;-88;-29;-16;47;-39;66;95;-27;15;54;-9;0;8;54;26;-55;-3;72;82;-30;58;78;-99;1;44;-9;97;-49;-2;84;-18;-20;-29;-12;86;52;-11;13;-98;35;-35;-30;-84;-33;-80;23;-29;48;3;4;-82;93;-95;-29;54;-66;-30;82;-97;70;69;44;75;31;-28;-90;-71;-80;67;73;56;84;69;-53;-96;-13;61;33;-19;-80;-81;-52;47;93;65;-11;-25;99;33;52;-19;6;9;-68;66;21;-5;-15;94;-91;-6;-49;80;29;47;-66;-77;57;-34;-33;-27;36;1;83;50;20;96;82;66;83;35;-71;-14;-85;-9;-50;-26;37;-19;-17;92;-24;38;-28;26;68;-33;-83;-55;30;-35;18;33;-35;-21;45;-95;26;-19;-55;24;12;18;-89;-26;-36;64;65;-62;-3;59;-15;-24;83;-25;97;98;-72;-44;82;-48;79;36;-65;18;-84;-4;-79;35;46;-55;48;-45;-65;58;-21;57;27;97;-39;-97;2;79;48;71;80;-58;49;90;-18;46;76;-31;-1;93;44;76;-17;-7;-43;68;43;-71;-9;-49;-90;-70;-60;-75;95;-61;-30;-69;95;78;50;-100;88;-36;37;74;46;-70;-47;99;-31;-21;55;-58;-87;3;-27;-66;40;-7;-41;-28;-13;-4;60;49;-99;24;94;-58;-24;45;-26;20;-58;44;88;-82;55;-17;-79;13;76;-9;82;31;-26;98;-89;-8;65;-65;-9;1;19;-22;12;-9;4;88;72;-78;-64;-89;23;24;-95;-65;99;-31;15;-45;-21;-44;-29;46;-4;96;13;-72;-25;-97;13;1;-24;-60;-46;72;-99;64;-69;-4;14;66;10;99;-23;64;67;-42;26;-61;98;42;77;10;56;-66;-70;72;81;16;77;-25;13;68;9;34;35;-18;-30;-68;-67;-66;-63;-82;41;12;46;-29;-31;31;-72;-45;2;-65;-95;70;23;65;-16;-81;41;-71;82;15;18;-62;-47;41;-10;42;-71;-16;87;-7;-94;63;4;58;69;-57;-12;58;2;-50;-13;22;73;-23;63;38;-90;69;98;-50;-9;-97;-48;21;0;2;-41;-96;81;26;1;43;-33;-91;-71;-59;-34;65;96;-60;31;82;26;32;-73;96;-35;75;78;52;32;-40;-14;37;-98;-98;11;82;-42;-34;84;-17;77;76;48;44;-46;63;-52;21;-29;-55;72;57;18;8;-23;19;-6;4;-63;-17;-75;-72;94;-59;-43;30;-93;-74;30;-17;6;30;-44;-53;-95;50;83;-17;41;1;27;-44;-20;-13;-13;28;-82;-7;24;91;-12;54;-72;0;-42;49;81;6;-14;23;56;-79;91;88;38;-58;1;-29;3;27;36;-90;62;36;56;69;48;7;54;29;11;13;2;38;94;52;1;56;89;-44;68;-24;96;-83;44;5;-36;-8;48;-55;-73;47;90;97;-45;-22;91;-8;43;-11;-99;-26;52;57;-88;-57;19;-47;93;86;40;44;-19;-54;58;-41;-87;44;91;-49;4;-45;58;9;1;64;22;4;-18;16;60;-91;-88;0;-46;-7;23;-61;-95;1;85;-89;-2;61;4;-18;-35;43;-62;95;-36;-53;0;-8;84;45;15;-57;-45;-52;21;-85;70;-24;-75;31;31;81;92;-35;35;74;38;-10;-35;-8;57;96;-96;-81;-2;78;-35;-13;-48;13;8;20;15;9;77;-20;83;57;79;70;-60;-79;36;73;50;-16;51;73;-40;-11;8;-90;-74;-9;87;19;-62;-64;49;42;49;-17;-76;12;-78;-89;-34;-18;-13;-45;91;81;10;-5;-48;35;-40;-69;-32;-86;-74;-8;-73;62;-96;-2;-7;-77;21;-42;-59;47;-93;-63;-80;57;97;-77;50;38;-83;-31;-14;-96;-2;27;-1;31;-61;-48;-42;-93;67;35;15;-43;-45;-39;8;24;18;-57;60;-72;-87;-57;73;-27;-26;-6;38;-63;-19;30;96;57;-95;-78;-36;-23;98;62;83;-31;-100;-66;80;-28;21;63;1;35;14;-75;-80;74;8;-43;91;-46;53;-74;-44;45;13;-80;25;-63;38;58;-49;-67;96;-70;26;55;-41;-9;-72;78;-37;1;51;10;92;-98;22;-44;9;-78;-52;48;-69;-91;23;71;5;-62;55;79;9;43;33;62;12;-32;38;-16;-1;-36;14;-83;-71;-88;91;-49;-26;45;52;11;-2;-31;27;16;10;3;-98;87;7;54;-51;-79;35;-52;-31;20;68;89;98;24;-37;-62;56;-56;8;-70;18;-82;-82;-28;-4;60;-15;-56;-20;-61;-85;-84;-49;-91;-35;51;76;44;-85;-8;-19;80;42;-30;-17;-15;47;-72;-53;-41;12;-17;-92;-20;84;83;68;-65;-43;-11;36;-9;67;-71;4;51;37;88;-42;11;-39;-89;-71;-85;48;37;-25;47;88;-89;-88;-44;96;-79;27;32;-92;71;-75;-19;82;41;-13;25;55;90;-87;13;66;31;47;58;69;35;98;0;-47;92;31;-54;8;-80;-54;-54;-23;-21;-5;46;2;72;42;66;63;76;29;19;24;4;-41;58;24;62;81;-44;-37;-47;-13;-40;-78;-74;-21;-85;-61;78;73;61;-5;-59;-53;-24;-6;-34
-90;93;89;81;95;93;-94;-21;75;49;33;73;22;46;-61;89;82;-77;92;-66;24;-24;-7;26;27;85;-97;67;-77;-17;-44;83;-37;-42;51;87;-33;-18;-42;-7;-47;43;-50;29;-18;-35;-44;-73;22;5;-42;-76;-17;-40;42;33;0;-38;-46;-90;89;-61;-45;-8;-7;49;10;-37;94;-49;22;0;65;-2;81;80;-75;63;-56;-39;28;76;-56;18;-75;-68;-1;-98;16;-82;-13;-95;-72;-53;3;-86;-12;58;-64;32;54;92;-68;-29;83;58;-42;84;-21;61;7;37;-83;92;-19;-87;95;37;-34;-39;-50;7;47;76;64;16;-28;17;95;66;-8;-33;26;11;7;36;43;72;34;-33;73;14;23;55;10;49;87;-64;66;-10;-81;51;-9;75;-18;-54;-55;-44;7;-33;-14;40;89;12;-32;-60;-90;6;-16;45;-30;-78;-98;99;-13;35;83;92;-35;-86;29;-65;51;4;47;41;76;51;-71;-40;-9;-14;-35;-33;81;-68;24;-89;-14;-31;39;-19;51;-79;-81;96;48;-9;-13;46;-38;-48;90;-8;37;-50;89;-16;64;27;-36;-42;-24;-76;-47;83;56;35;-82;-45;-89;72;5;96;-25;-52;-16;30;-15;51;92;-16;-37;-18;97;-62;-5;73;29;30;-58;-61;-53;58;-95;-20;-96;27;67;-65;-60;-87;-27;-68;35;-10;47;94;-84;-11;65;-41;99;-87;35;80;94;94;-74;-85;-13;82;-94;-13;-88;71;25;46;90;95;-57;57;62;-51;10;79;-90;-69;47;7;-9;1;56;-61;64;83;-60;-67;-77;-75;-15;-90;0;51;47;-43;-93;85;-80;64;64;-100;-96;-79;-55;-92;-4;49;2;55;69;63;-54;18;24;86;-74;66;22;-72;31;-9;23;64;9;-67;-44;-89;1;-48;72;-76;-89;83;42;-10;-4;35;93;56;-13;-10;30;-33;-44;22;63;82;-74;61;-69;-60;-38;91;-67;-27;-24;-61;12;-88;51;-16;-52;-51;83;44;51;-37;76;-67;-11;-9;72;66;41;-60;61;-45;8;87;-30;-26;84;40;-79;31;62;-80;50;-31;-87;-43;-78;81;-96;-98;-58;-20;-16;11;70;0;-94;92;-29;40;-33;-4;-51;92;12;-79;30;25;41;-23;-1;7;-72;-49;82;31;12;6;-81;-68;-32;91;61;39;98;-20;70;97;-84;70;-32;92;-31;-20;-37;-35;70;57;57;92;26;-3;-61;27;2;35;-49;-68;29;-62;87;-1;72;-62;-28;-24;35;10;94;-69;-50;33;8;71;-91;7;-63;47;87;16;60;54;49;-73;6;70;51;-66;-63;-37;-72;37;-32;77;82;68;-81;-69;-92;87;30;-40;63;25;41;92;89;-33;17;94;-3;3;-56;-88;-22;-68;50;45;31;2;24;1;-28;31;-97;12;-35;30;89;-60;-12;-95;39;-100;86;0;91;-77;-15;14;80;-16;16;-58;65;24;-8;-45;-1;50;-83;-26;0;6;-38;-71;87;-68;22;-72;26;-42;-22;-24;5;-9;64;-56;-75;77;-59;27;-41;-83;21;-60;84;-70;65;-22;-81;-91;-69;-61;-77;-86;5;-67;38;57;12;58;0;-43;87;22;-94;-61;36;-27;60;-52;-70;21;8;-10;-86;-18;85;-78;-56;57;-34;-56;-92;16;-73;-61;-47;-9;85;30;6;-32;-35;-18;-73;-98;-71;98;-67;45;-7;-8;18;71;79;9;30;32;99;-77;-52;15;12;54;-8;-45;-52;-30;-5;66;85;-55;-13;-71;42;61;-44;-74;-37;-88;-47;86;88;-1;-36;74;25;-63;36;17;9;20;-9;62;-18;90;55;10;90;71;54;58;3;-34;59;-53;-96;-12;-72;-82;-48;4;-31;87;70;-38;26;-87;-10;17;30;-90;33;77;-43;-35;53;24;47;52;-94;46;-65;-9;-42;-6;-18;21;40;-84;69;-63;-91;18;-35;-95;-49;4;92;-81;-37;41;-81;-28;-59;43;-76;26;-91;-6;-6;-21;41;-24;-89;6;-32;77;29;-25;79;-95;-27;-27;48;-8;-99;-85;12;-48;-86;-52;32;27;-12;-36;26;62;-50;14;-31;56;12;-55;21;-11;-5;32;6;59;36;-27;75;16;-60;-42;-33;46;24;48;42;-91;-86;56;-21;-55;47;-87;87;47;79;5;27;-85;-94;-78;-8;-73;51;-41;97;-32;8;52;16;40;-27;-85;-14;-70;96;80;-62;2;71;-41;42;56;65;-24;41;-19;44;59;79;-70;45;59;10;-83;65;-60;94;-36;51;-27;0;-39;-61;39;72;32;27;57;50;98;-33;-76;-57;46;-20;36;-39;-25;17;15;23;49;73;-15;95;13;4;-31;-36;56;86;73;50;-3;59;-20;16;-74;4;-91;54;87;-91;80;63;20;16;64;36;-71;78;18;46;-65;49;51;-12;54;43;-42;-73;-43;-8;93;-88;-7;-26;45;87;99;-81;-66;71;8;60;36;40;92;22;-26;97;40;32;-65;78;-33;-74;15;47;-93;92;62;-18;-55;81;-4;-6;-85;68;-31;-54;70;76;37;-91;43;47;-62;-25;-87;-89;-5;-69;-31;-40;-13;25;-43;-86;44;-34;58;97;79;-93;-43;51;25;27;-36;-58;24;-76;-47;-73;-74
63;95;-75;-65;20;88;-61;34;96;-3;30;-87;85;-7;71;-63;-100;-77;-98;-13;72;96;29;51;91;-78;10;-89;70;-14;-29;78;-58;-67;23;30;-69;79;-76;-22;19;-37;83;10;26;38;40;-66;-8;-95;24;-100;-50;39;-46;67;-35;-27;-56;-2;-22;-72;63;9;-75;52;70;51;69;-60;-95;-79;98;24;68;9;-88;-81;-75;-48;-19;-24;18;65;62;-29;28;3;79;56;-35;57;35;26;99;-10;-1;-27;-16;74;68;88;-36;-48;99;3;-99;25;70;45;54;-55;-52;91;-84;-99;10;97;47;54;-76;-33;71;-87;75;-53;-15;-28;24;-22;-91;39;35;-49;-16;-8;-88;-35;65;-41;-31;-98;32;-66;-98;-81;8;43;10;98;80;1;26;30;49;0;-83;-50;-24;51;-83;29;-100;-8;35;-85;10;97;7;23;89;-56;-68;-12;-16;-79;34;36;-89;55;38;42;61;26;-3;7;-88;-96;1;83;-25;61;89;-87;-59;39;-98;-60;-2;86;9;11;-64;87;-92;35;-31;-63;-55;27;66;-20;-61;21;-87;-25;68;-27;94;-73;-98;5;-4;24;-53;-73;-45;-82;-54;45;-81;-6;-62;-76;-54;-73;6;74;18;62;-63;74;58;73;-83;94;22;-33;-100;66;71;28;-55;-30;84;-96;-86;12;39;80;-20;-49;90;0;8;-29;-58;-86;-25;85;69;93;55;-68;90;-73;47;23;6;-48;5;87;-83;-20;74;-10;-52;67;-60;-58;-88;93;-66;37;-19;86;84;-42;-36;45;52;7;92;-85;96;77;73;-87;-20;56;-44;-9;-95;-14;-25;-8;-66;10;26;-83;-77;-25;74;-67;72;75;58;-82;50;-97;-57;-12;-42;61;0;97;94;-98;-17;96;17;-66;-14;-17;85;20;88;48;-38;89;52;-27;31;-53;21;-23;33;59;-58;-79;-82;54;-37;-23;12;68;-67;-57;86;-23;-2;-68;-74;29;0;88;89;-10;-53;-48;86;-90;56;61;-49;69;57;-89;-61;-77;-36;-66;59;-38;78;62;71;-91;70;-84;-13;45;62;84;-10;19;-53;-98;47;33;-12;-58;11;90;-66;-93;98;2;-75;43;-90;-78;-96;62;-88;-37;-28;63;51;37;-83;79;20;-70;64;-59;-52;71;-30;31;22;55;-36;6;35;-78;22;69;-73;70;64;-31;83;-73;-94;-36;40;99;72;-73;-53;-17;-49;-91;16;8;22;-20;-75;93;59;-73;-68;-7;-80;-45;58;-2;-73;90;40;3;36;80;72;47;96;-8;-76;-1;0;-52;98;-58;-16;-62;3;-46;89;-73;0;-59;43;-66;-89;36;-63;-10;-94;50;6;-58;72;82;-14;44;47;-30;-63;68;11;-71;-44;25;-8;10;-72;89;-92;82;51;4;8;99;-11;-2;59;2;68;-64;10;6;-15;-26;93;-42;-24;-84;55;40;-9;-67;-83;-79;15;-30;85;-82;41;0;8;-53;-19;-76;98;-98;34;72;-8;88;84;-55;2;-99;-43;-95;44;81;32;-66;-66;-88;-67;-32;-9;18;-13;-14;-16;-81;12;41;60;-32;28;-38;-75;-39;-25;91;23;3;23;67;55;-55;31;-84;64;9;25;-96;-15;7;-34;-5;-86;-87;32;-21;15;-53;-13;-28;-25;-57;-16;-67;-27;94;80;-17;5;41;10;31;-12;-34;12;-55;87;-29;22;74;-6;8;-45;-47;-98;-68;-52;-88;28;95;-24;-25;-85;-49;-8;12;61;-3;43;69;29;-58;-2;44;96;34;-93;48;0;-13;-8;-57;25;13;78;66;88;-69;-69;-60;46;68;55;10;-36;-66;15;-63;74;99;-16;-10;28;53;-55;-49;-90;10;-44;-33;-75;0;11;-60;3;-68;50;2;-28;25;23;30;-35;2;-77;61;-13;88;-20;61;-81;69;73;0;-97;-98;15;71;-33;26;56;-22;74;64;-85;-55;-43;14;-94;-68;-17;-88;64;-52;-24;53;-76;-75;30;-16;64;-79;-70;-6;-53;-45;26;-90;-63;1;16;79;-66;45;68;-55;55;0;-13;77;3;73;81;-53;-22;-93;-95;25;-76;-51;77;-11;-59;83;62;34;-53;-21;17;59;19;-54;-23;5;16;4;77;-82;-20;-70;98;24;38;53;80;90;-60;82;-84;-60;-50;-99;85;87;24;-74;37;-49;83;-67;97;-25;83;27;-43;-43;-5;-24;31;73;-71;86;-56;94;-49;-48;51;-12;-97;71;-6;-35;-37;-24;8;17;-39;-10;80;-11;67;26;-65;-54;-68;22;40;-90;-5;23;-5;63;-49;-57;-89;-36;56;90;35;-29;-25;-51;-52;-89;39;32;-88;6;-81;40;95;-95;-5;-59;-94;2;50;98;61;29;12;40;93;-21;-24;31;-87;-81;-35;-56;61;-30;54;9;-86;17;-22;-76;7;0;9;-67;91;55;27;-11;-33;-91;-63;8;13;58;-72;-94;59;34;-44;68;34;-92;18;93;-59;74;78;24;-49;86;-73;-12;-76;26;-10;-39;-80;-22;48;-63;51;87;-37;-96;82;56;30;-98;-59;48;50;-21;-39;10;-11;-1;81;16;92;-84;76;-97;-63;-19;81;48;-16;87;-33;67;85;-20;85;-82;-84;47;44;14;-90;-16;-56;76;-18;3;-65;48;-73;13
-63;91;-20;4;-15;31;-39;48;49;81;-78;-67;-29;43;34;-26;62;-31;-7;-58;-7;41;54;-34;5;7;72;-100;20;34;-54;-67;21;70;49;-24;-14;-19;94;-46;56;-33;98;63;-8;77;-88;0;-59;-92;40;65;-46;84;-80;-5;-64;-87;98;78;59;-39;-72;-86;35;88;11;0;93;-42;87;-20;-25;-61;-15;-75;43;91;74;27;-6;-28;58;12;94;-20;79;37;50;-46;-61;-27;-18;-84;-5;-5;-61;83;-73;3;-35;12;6;83;-80;-41;-10;-86;-2;94;51;-55;-62;-29;-17;-14;2;15;-80;-45;-91;74;50;39;-82;14;97;-42;44;90;86;59;63;-30;-38;82;65;75;-8;34;89;64;-62;55;2;93;-66;-89;32;-92;92;23;63;72;-6;-9;61;67;64;5;-39;-68;-30;8;-92;92;-18;68;-91;0;21;27;-77;-15;-35;-56;35;94;-63;-75;-20;86;25;36;97;-38;95;90;76;70;-80;98;-89;86;-28;57;-7;30;47;10;11;-34;-98;-69;-14;-35;0;-22;7;-51;55;67;29;39;-75;-25;6;34;10;46;96;-8;91;-62;-20;22;15;-64;-88;8;50;-96;-53;27;13;-87;83;-7;-51;32;62;17;-17;26;-86;-47;-32;-28;61;96;-49;59;-81;-99;13;-81;-26;63;51;64;49;-37;-35;98;-2;51;20;-98;-75;-89;-9;-88;-16;78;83;-22;-92;-36;-77;-74;-46;-57;-25;-85;-44;91;84;-55;-87;-6;39;-81;42;-15;82;-1;-48;-16;-72;-37;32;-35;-54;50;5;-61;-26;-59;-83;-65;-90;-91;40;24;9;5;88;-51;42;7;66;-26;89;30;-29;-28;-30;99;96;-16;-75;24;-64;60;-7;88;97;24;10;-83;16;43;-72;78;-16;29;-21;-83;75;-24;10;-97;42;20;-3;-42;-24;15;-22;-68;69;-25;-55;32;-91;-15;73;79;-69;21;8;-37;38;24;91;-78;-55;-90;-54;42;92;-48;-77;19;74;-78;82;15;-37;-65;11;-19;-55;-22;-52;-60;-2;-4;68;98;55;0;86;-46;68;-54;-35;-82;29;-26;-88;-35;-32;36;-60;16;-49;25;58;87;3;-42;16;95;-91;-74;-83;-40;-25;50;24;49;-58;-52;86;-8;-34;69;50;27;56;64;85;88;-77;-55;-88;9;-63;32;89;72;38;81;-6;-3;83;90;-55;41;-71;-95;42;79;50;-38;-77;-80;49;48;-51;-18;74;-69;-70;38;-28;27;72;63;-86;8;-78;42;61;51;-89;-39;53;-12;8;-24;24;-91;-2;51;-79;-94;-63;60;-78;92;60;-11;-17;7;97;7;50;55;-75;-45;-82;-19;27;20;82;-100;-82;99;-49;61;-34;-40;-61;73;57;65;32;-22;17;-34;-10;-88;41;-79;47;32;-41;-47;53;4;10;97;-37;-48;-43;-57;-18;77;69;-79;88;-62;8;-40;26;-1;-50;10;49;-68;74;-28;-62;59;65;-95;39;5;72;-51;41;64;-55;47;-49;-32;96;86;15;14;-17;55;9;-4;-23;-49;3;-19;-6;-52;-18;49;4;20;29;-62;59;4;-14;-48;3;76;-96;19;-21;-76;92;61;-91;-42;2;-37;94;-66;49;-82;63;42;-19;14;1;-42;-89;24;66;92;-41;25;-83;-88;9;-8;0;-37;-89;6;51;89;-84;-47;-41;42;-28;-64;45;-81;54;-31;71;11;-25;-84;-78;72;50;-55;65;-21;52;-13;64;-33;43;96;49;-90;63;31;-77;-58;-34;73;26;-72;-45;59;85;74;79;47;-63;90;53;5;37;-8;-31;27;13;65;41;-29;-64;28;-12;91;99;-24;-13;34;-44;-77;-55;28;-56;1;-10;94;17;91;-41;90;0;-95;-51;74;13;-63;-42;-44;41;-65;-82;-43;0;94;37;97;39;-37;59;9;-13;-56;-9;-86;44;-75;-39;-65;-98;-26;-90;21;6;51;71;-69;-22;14;-22;61;-83;-69;93;-80;-96;88;-72;-51;64;-8;-46;-47;-69;49;3;-44;13;-66;-71;-12;76;-77;-46;-34;-76;-4;51;49;-77;5;18;-75;84;98;-8;-44;-50;-30;-90;56;97;-89;-29;9;-81;56;-10;56;-52;15;17;-56;-15;90;85;94;76;26;96;8;-64;-22;-74;-42;74;-71;-31;-67;-43;-53;-95;-57;-76;-27;-9;64;51;44;-54;-33;-94;94;0;8;88;-26;40;94;-88;-2;-21;23;-26;1;19;18;85;-88;34;90;-13;-43;-1;-99;9;-27;-81;-88;-1;-80;-58;-69;-21;28;2;-58;78;18;-30;-1;-11;-26;-80;58;67;-19;69;22;53;73;79;39;-90;-44;80;48;-6;-1;98;14;-45;27;-5;92;-44;-53;-56;45;99;-23;40;-33;41;-66;0;-88;-64;41;-67;-73;4;-4;-42;26;-59;2;-79;-77;47;53;48;-22;19;55;-56;61;79;-72;2;20;-63;-77;22;-25;-67;12;97;75;56;67;12;53;-34;71;-90;58;-31;69;51;53;-75;-80;98;-54;29;-39;47;86;90;38;-67;-92;-62;12;89;-20;73;83;-8;28;5;-54;-34;79;-59;94;-88;48;45;-14;-8;-90;-23;49;-6;-84;-75;-24;46;71;64;-89;85;-83;34;3
14;53;81;29;85;-14;-24;-78;-52;79;54;-82;-95;34;-51;99;-60;4;-55;-78;31;-11;-82;73;-45;-4;-64;21;64;-7;-39;-52;-55;37;-20;-42;67;-84;0;-94;34;-46;1;15;-38;-93;-29;-89;22;64;71;-19;71;11;72;-75;35;-93;-26;-12;-51;54;-42;54;17;5;72;-33;-46;90;-68;-77;-97;-61;-12;-24;88;2;10;-53;-75;-76;99;99;22;80;-24;33;64;-46;23;59;42;-88;57;79;96;46;97;56;-66;-97;57;31;32;47;-23;32;-77;-4;-63;-68;-3;-74;-38;-76;55;-41;-69;37;-72;-61;3;99;-33;-27;-19;90;-18;9;-20;-59;5;53;-87;-78;-34;-33;-34;75;2;44;9;-32;-83;-10;-38;16;50;32;-77;37;15;-41;28;95;0;58;-37;-41;-35;-13;-50;14;-85;96;27;43;-88;-60;57;-13;92;-44;-65;-16;29;-66;81;77;-89;65;-60;49;-15;42;25;-55;-75;-82;22;8;-97;-93;9;-86;-7;95;-48;-79;62;18;3;9;74;36;44;-42;-76;-57;-35;-35;76;-14;-52;0;-53;0;-72;-27;-30;-18;17;94;17;-51;-17;84;47;-80;90;33;81;60;-86;-8;-39;30;74;48;98;-33;-79;81;52;-44;31;17;59;-92;67;92;66;79;51;-20;-99;8;91;25;-48;59;11;-97;-47;31;-17;-84;-28;56;-62;16;26;-20;-25;-97;-40;35;-58;-39;17;66;-75;38;-47;97;66;-98;-92;33;-10;53;38;-51;-4;-62;55;-82;28;-80;72;14;-56;-97;70;-50;-34;-14;4;48;-80;-35;-34;30;-93;-14;34;73;49;-44;64;-19;-93;38;-35;-15;78;-23;83;-64;-53;-58;-93;-78;-12;-98;21;-78;68;-98;30;-20;-3;-40;13;-76;-13;-93;-59;-91;4;82;-32;-28;-45;-9;6;5;37;-15;-28;89;2;-33;0;77;-42;-56;-58;-96;64;11;-95;47;25;-16;83;47;-75;-59;97;70;-65;73;32;-36;73;35;66;96;-4;-85;-15;-18;30;41;77;-70;59;35;65;-57;65;-64;-55;92;77;21;46;70;8;59;-20;-4;-13;1;53;29;34;-64;-97;23;-23;-55;8;49;-74;22;-83;84;7;53;87;-11;-25;54;-95;99;28;40;-13;-48;88;95;-12;36;34;88;95;-72;87;-52;-5;23;32;-58;65;20;27;-5;66;-45;3;62;-37;54;72;91;-79;33;-4;54;-100;94;48;50;34;-19;56;72;-86;-63;27;89;97;-41;-43;-37;57;-68;88;-16;-29;-68;73;-68;49;-74;32;34;63;43;67;-38;31;-68;-52;0;75;81;7;-16;63;55;-19;29;27;14;64;-97;-3;9;-66;88;44;-89;-18;67;-79;16;-99;8;48;-78;-92;-29;-31;-36;-43;64;-89;56;-13;75;25;4;21;16;51;-56;4;-66;-39;28;-64;-46;8;78;17;19;50;-20;-21;-42;79;99;35;41;46;-90;-41;-37;-43;-100;92;40;-79;-42;-37;-61;-10;66;-85;77;-88;67;-54;-81;85;54;62;-9;47;37;-86;30;-23;-71;95;25;69;79;69;40;84;-59;77;-39;36;-4;-68;-51;15;-23;-71;83;-35;2;-54;-88;53;15;55;92;-52;68;16;19;85;-38;-37;92;-37;38;-30;10;97;-25;92;70;89;84;-17;-11;21;12;75;-31;8;-70;-35;74;82;82;71;-46;-76;76;-8;-84;25;-43;-25;-26;-67;-60;86;77;-93;18;86;89;9;-24;-77;69;-69;-34;-29;36;92;-54;-89;55;96;-12;-90;-20;66;-84;-14;-80;82;76;-55;32;8;-91;-45;-20;25;98;-38;90;-56;-25;-36;6;59;-98;-78;57;4;56;-77;-22;-54;20;-23;44;-70;6;-89;90;-69;65;-93;33;-70;-10;-40;-78;-90;91;-90;94;84;-80;10;21;-77;3;20;63;93;29;16;-74;52;67;-15;88;31;11;-50;-82;87;-29;58;-21;-32;31;-25;-32;42;99;46;13;45;-71;-7;-75;-91;56;20;26;86;-53;96;2;-51;80;80;-38;-95;-28;-9;-1;40;91;-93;13;-38;-69;-48;-8;-73;-49;-79;94;82;-98;-19;23;-27;-41;78;74;90;23;-68;39;-26;-44;-71;-13;50;-88;-37;-31;8;-54;72;53;-79;79;63;77;3;-72;-2;34;-75;-98;19;-54;-1;-43;89;45;-7;16;9;-83;59;-33;-61;-95;-99;64;42;-85;88;51;-15;36;-71;27;1;-7;-4;-100;-29;61;-76;-3;13;-29;36;83;88;-7;-77;18;76;91;37;55;94;54;40;58;75;38;-14;-17;46;-26;17;83;-84;71;55;-5;-51;-8;-55;47;92;-39;53;68;-32;-82;75;-51;91;-30;75;-7;98;-26;33;47;53;38;-76;32;-25;41;51;-61;53;53;66;-83;37;28;-32;-17;46;89;63;32;-99;72;-11;57;62;-64;-8;-24;-2;-77;84;42;-63;-92;41;10;-33;13;-28;-49;10;13;-86;15;-48;58;11;-38;-99;-9;47;-91;11;-99;46;80;-52;-33;69;-62;-52;-26;40;30;68;-77;79;29;86;58;-85;-68;16;11;-78;-13;58;74;5;-96;25;-71;-25;-94;-24;74
-69;-64;-38;60;-39;-100;44;-67;-98;-65;72;-17;46;-72;78;82;-25;-57;-24;14;-8;99;78;-42;-78;-26;62;64;13;-82;99;34;-46;94;92;43;-33;-74;-4;-85;-12;-17;9;87;14;-26;-73;-23;-75;42;54;-68;30;61;-19;-68;-43;-97;38;87;-62;79;19;83;-65;-62;-71;51;-65;-65;15;-51;47;-39;-75;-91;-10;91;44;47;-54;-15;39;70;-36;67;-97;-8;12;60;-14;-37;-13;9;77;9;63;25;51;-25;-55;-25;-59;90;-73;5;-15;-31;35;-28;41;-35;-41;90;40;52;-60;49;19;-33;-65;36;-61;-25;48;-49;61;-63;-16;16;-54;65;-60;-32;2;71;-57;48;43;59;-18;34;57;-60;-82;-80;-96;-4;69;-76;-31;-86;-95;-17;-60;8;-64;66;-59;76;43;-53;85;-82;-74;76;-75;90;-12;69;9;-9;-95;60;85;0;78;99;-44;28;-54;-36;-32;-41;-54;-69;59;56;-72;93;34;-23;6;67;-85;-65;49;38;-87;-58;95;-86;-92;-100;15;77;-92;-56;-2;39;30;-63;9;13;29;-22;78;25;72;94;-84;-32;62;-6;-66;-69;85;-62;44;49;51;-60;85;-86;32;-68;-44;-32;44;-32;-77;15;-42;-12;-37;-3;67;92;-63;37;-43;-77;66;-81;-75;26;-48;13;65;-17;92;69;-1;48;88;-10;-48;-5;80;-3;-78;9;80;3;71;1;-90;-27;-69;37;-36;92;-99;-93;-8;27;-27;65;88;-94;80;42;3;-39;-25;-47;-85;9;0;73;-56;-29;-88;40;14;47;-58;-37;-53;24;15;78;-19;-72;-82;-100;68;-8;-45;-40;-84;-14;7;74;16;-21;-94;19;-73;18;-15;1;73;-42;-8;92;80;-40;-8;45;-16;-90;18;-37;-10;-98;-40;-25;-57;-25;-16;23;-47;-60;56;58;64;-63;-77;-65;41;23;-65;29;-62;-86;-96;-77;35;-75;-80;8;99;10;75;-94;68;-57;-16;14;-82;31;-25;52;-67;62;-53;33;1;34;-72;42;-64;-43;-97;60;74;88;-75;-25;97;-63;39;-83;-45;76;23;42;-36;50;90;20;53;9;-84;-90;-53;-17;-5;-24;66;-29;22;-99;97;-23;-29;41;7;-86;-69;79;-82;-92;17;81;91;-42;-3;-43;-62;5;-32;50;44;7;89;27;-59;93;13;-10;-8;48;8;25;15;38;-80;77;5;81;-65;-50;18;-90;2;44;91;-66;-82;89;86;-62;-63;-39;-98;71;-43;-11;-13;43;0;13;1;41;-14;-31;0;91;-34;-48;-62;19;52;-43;-31;-82;-69;33;-95;-55;35;-94;74;23;3;-46;11;-53;23;43;-19;30;-11;61;-19;22;48;77;23;-68;-56;-100;68;66;50;-33;-14;80;91;83;39;23;-16;-58;-93;-6;38;77;-63;-68;58;-48;-32;22;71;8;-71;90;75;47;-30;-46;-91;72;-99;35;-62;-92;72;-64;67;31;-45;39;-96;57;-55;-53;53;86;83;70;40;-10;-26;91;31;-55;94;-58;-63;-5;-96;-57;13;-15;13;12;-59;-28;-44;30;-96;-99;-36;-73;97;29;18;-87;-37;82;-63;89;64;-1;13;18;-3;-91;-96;92;-87;30;99;-28;26;-89;-75;18;-57;32;-95;-19;30;-47;66;39;-74;-53;94;-98;26;80;79;-46;-42;-85;-21;-86;71;94;-86;-69;-33;-37;16;-26;-99;92;0;85;4;99;69;30;76;55;-42;11;33;74;-8;-50;-85;-99;-35;-67;50;44;-87;11;32;-90;46;-51;18;74;-87;-33;36;-9;37;-67;46;-92;-2;27;-90;-52;-23;3;57;67;-19;97;1;63;-84;-34;97;-18;23;-43;79;89;-47;-7;-48;20;-88;-98;41;90;74;-59;-64;-41;3;-93;3;38;-78;1;-34;10;54;64;29;49;47;54;58;47;-30;-47;67;-21;-47;57;54;-96;-26;-11;-64;-25;61;66;93;-61;60;-59;-41;-91;62;-42;-40;-79;90;-31;-66;-11;64;3;73;-42;-56;94;20;20;-27;57;-94;46;-48;-2;-36;32;-35;91;48;87;70;-11;88;5;-6;49;85;-89;93;45;-11;84;22;-35;-60;70;16;78;-69;67;-55;-28;65;-97;-65;13;56;-37;94;27;56;99;20;-54;18;-26;15;-32;63;-6;-92;9;27;27;-33;-79;-77;86;-43;-7;-84;-14;59;80;41;-2;23;84;-31;80;92;21;-84;-35;89;-11;-37;-24;46;66;-45;-53;-86;36;58;36;45;-63;35;-87;-10;70;-95;0;11;-31;-61;39;4;-80;50;30;99;83;2;-13;-8;-39;38;78;58;47;-61;-9;-62;69;-29;-77;-78;-95;52;-15;-51;-45;-11;-78;15;15;54;19;-51;23;71;26;-85;25;-52;-69;-66;-29;-57;-17;-1;57;-45;43;30;13;-38;42;97;-84;17;-1;-33;-35;-20;43;-7;-21;71;77;7;-82;28;-66;75;13;-24;12;20;-60;89;51;61;-32;86;-8;-100;46;-9;-99;-48;-89;21;-67;-94;-29;-42;50;-56;4;38;54;-1;-34;76;-20;-72;-80;67;-83;-63;50;-79;57;-73;66;38;98;-21;88;43;46;87;70;24;-5;-3;-5;-72;4;-46;26;-32;-84
2;-66;-49;-6;-8;5;-37;80;78;-26;64;2;90;64;-94;-61;33;-41;-29;-45;61;91;66;29;42;-20;83;33;91;-37;62;11;-19;-96;-45;92;14;-57;6;73;25;63;67;13;-94;-79;5;33;-12;89;71;94;-46;-88;-45;10;-32;22;51;-88;22;30;88;15;12;-48;-79;85;8;-87;25;-11;53;-3;30;98;-77;-47;23;21;75;-50;-56;-98;-8;68;-44;-31;49;44;23;92;-8;-7;-49;95;74;-48;-99;53;-100;19;-76;-26;-36;-19;-60;57;-18;-44;-13;-85;99;-70;-63;-29;-15;86;-77;43;96;51;-64;64;-10;32;97;-40;-54;35;-77;71;-48;69;21;-44;-74;70;38;-90;27;-1;87;-8;-43;8;92;-38;-44;79;9;88;-72;-43;57;-52;-18;-41;84;31;-16;80;10;46;-67;15;63;-71;8;81;-55;15;-52;-88;-84;-4;64;43;7;81;39;35;-97;-34;-75;-65;42;95;-88;-28;73;66;85;-94;26;46;88;-60;-41;41;45;63;53;-25;34;94;39;-85;-60;-40;-17;39;52;-97;91;49;77;-56;20;97;72;67;-83;-65;-93;-22;29;-59;-14;-30;8;24;-17;65;-65;76;81;28;31;-69;-5;26;54;51;89;-67;-87;82;-85;76;69;43;19;-39;68;77;46;17;-33;-45;-36;-2;29;69;51;58;-45;87;67;-86;67;-51;12;-11;2;-55;-87;-35;-54;73;-36;47;-75;9;1;64;-95;-79;96;-42;-70;-36;-40;-24;67;97;97;85;99;-70;77;-74;-86;-100;-91;19;-69;-71;59;22;64;-20;-30;-7;90;16;-28;-81;-32;87;53;-67;91;9;84;3;88;-64;22;5;-52;-73;-35;-85;95;-62;33;-75;0;81;33;75;-38;-27;-7;50;93;66;-15;-50;24;77;16;-88;-24;44;-65;5;-84;6;31;94;7;-46;-26;36;-86;-45;-3;52;83;-53;19;-14;-47;78;71;17;-85;-66;9;-79;51;-29;80;-30;10;-47;38;-49;-97;-73;-92;94;-50;38;-33;-92;99;56;35;38;-31;32;-33;-23;-42;-70;59;-2;72;17;-11;82;96;9;-57;-65;-26;-97;-74;61;16;-55;49;55;-61;25;-64;14;10;63;18;-41;-2;70;52;-82;-96;2;-88;-20;-7;-60;-21;-15;37;-75;97;40;-5;-68;34;95;30;73;-78;-77;83;11;-62;33;93;-56;87;-91;99;-70;-16;-74;57;-75;-70;71;91;45;-33;-24;66;-36;-83;-87;27;-4;-81;-22;-71;23;28;25;48;29;-66;-7;-36;-22;-14;-51;-48;-31;-15;7;41;71;83;-31;-99;63;-97;85;5;46;-44;19;-7;-76;-95;-3;-75;9;80;-24;2;58;-23;-73;90;37;6;13;-42;-82;-77;-4;78;10;-28;56;13;49;-24;-34;19;43;-81;-98;-27;15;99;-60;-28;89;-77;42;-11;-91;-95;82;-7;55;-21;-36;-44;-10;26;-13;22;59;40;83;51;-51;83;-24;-67;14;57;58;39;-25;54;-25;38;-34;-60;-32;95;-20;-93;69;5;-10;-37;58;-31;-88;-91;-72;-83;32;-21;13;74;-85;-12;-77;-94;46;9;74;-48;-54;-58;-83;-99;-96;25;90;-50;-43;-9;-58;51;71;-22;-39;85;-75;-94;-79;4;28;41;-93;96;-60;0;23;77;-84;-38;-52;71;-68;17;-42;-53;-54;57;-35;-14;-81;78;59;-60;-63;61;-97;37;-73;-62;80;39;-12;-30;23;4;-65;-79;60;4;-98;-88;-66;95;-57;-29;19;-47;-81;-87;39;-32;41;34;-15;50;82;67;58;-22;-4;85;50;78;-19;8;-18;62;93;54;-88;-76;96;61;-16;-93;44;64;96;66;-58;49;17;-87;-2;12;98;54;84;72;22;-32;-38;-19;-93;-84;-39;-45;13;34;88;56;-41;-35;-99;14;-29;80;-51;-23;-94;-83;70;92;-65;46;-32;37;-21;69;10;28;77;-79;-69;44;62;15;53;-32;46;-12;-49;-38;78;-14;-11;-48;-88;84;-60;-82;4;7;66;4;-2;-31;-55;-39;48;24;76;43;-76;-41;78;-62;-67;-43;52;56;-74;81;31;18;66;7;-86;49;-44;-85;24;-5;29;-8;-76;-30;-46;27;-55;-8;-31;-8;20;-79;11;7;-63;18;7;-49;-81;55;-68;-17;91;22;75;-52;37;90;-45;-4;-96;32;99;-19;-86;32;-65;8;84;5;-89;-41;-13;34;-39;10;-94;-41;-30;-4;-58;-95;96;69;-38;-55;0;1;-5;-94;90;-45;-63;73;-13;87;-78;-70;-7;5;-17;99;-33;13;43;72;96;-44;-39;-35;-59;-22;19;58;-46;99;36;-71;-82;68;-69;33;-87;77;15;55;-79;14;-53;-27;-13;75;65;64;-87;-57;38;-18;-75;-10;-51;-56;-61;-70;64;11;35;-22;18;-12;-49;92;-88;24;-27;49;85;-11;98;88;50;-19;-91;88;77;-35;12;55;45;-90;-39;-47;-97;28;19;87;-6;82;-87;-97;-81;43;95;59;-79;-6;63;-59;-9;-37;-43;-52;-16;-63;39;67;-65;-49;-48;-2;99;80;32;8;-73;98;89;-17;-96;-14;-46;-98;-24;94;68;-93;-14;-50;66;-18;2;-30;-37;-18;53
-88;68;66;88;52;52;-57;30;14;-96;-62;-90;-13;32;-77;5;-21;-64;-96;-91;-46;71;-10;-32;31;-20;85;-16;69;96;28;17;-50;54;-86;-71;-77;-5;-48;34;-89;-28;62;89;30;97;99;17;43;77;-78;-66;-42;-28;-1;-60;-22;-3;-44;-29;66;58;60;17;-24;21;59;33;17;94;-18;84;83;-30;97;81;-91;1;38;34;-19;-33;41;92;74;-7;-42;77;-46;73;50;25;-62;80;67;-48;11;-56;13;-92;-63;-34;-100;48;-5;-63;-50;88;-26;17;-70;77;58;22;90;-1;-83;67;43;82;-37;81;-22;44;-57;56;46;-98;3;45;-31;65;87;29;-3;-86;-34;92;-3;37;-57;-31;2;37;42;73;66;16;90;-33;-66;44;0;30;45;-45;87;-44;5;38;-10;-53;-15;29;-53;-35;89;-71;-76;75;-68;-75;-30;-94;39;93;-22;41;-99;-31;89;-70;-88;-65;10;25;-35;-43;84;-59;-73;-90;-14;58;-54;95;84;73;-11;-23;84;37;-9;-86;-66;-91;-27;-7;91;51;76;-54;-46;-65;49;-40;-66;-51;-82;22;99;32;-56;83;48;-79;38;11;60;43;-91;5;-49;23;-15;-49;38;97;-100;1;-48;71;-35;-67;-36;80;56;-49;-91;85;60;34;54;67;-22;-48;-7;7;-34;-87;-30;62;33;-53;41;-29;94;31;50;-2;22;-63;-51;16;-30;-72;-34;-90;18;68;-35;-13;2;75;82;-26;50;-16;-55;-68;57;-70;31;87;-70;-10;-62;-83;-9;93;85;-75;0;11;-37;23;-15;-62;-3;-51;86;-18;89;-3;47;83;-41;57;-36;-33;20;10;-15;17;40;-9;5;-38;-14;80;89;-52;18;25;82;-60;86;91;12;-41;89;12;87;95;-54;-25;-59;-67;-61;-54;-70;-20;53;-76;-28;-25;39;83;70;72;-82;-77;51;17;-41;37;64;-37;14;7;97;-32;-55;-95;-22;-92;22;-11;-30;-35;-51;-29;-78;-61;49;9;-5;-6;-47;7;0;-98;-80;40;-59;65;60;-30;35;9;11;78;18;32;-51;62;-65;47;46;-37;52;-51;12;5;22;46;-100;12;67;50;-58;-31;-90;-93;-94;94;-53;5;64;12;-52;-48;53;61;54;-30;52;-11;90;87;-26;47;48;89;55;-49;-11;14;-83;-6;64;-52;2;85;-34;-59;67;11;26;-46;14;30;83;-66;-85;0;-5;51;51;-49;94;11;22;80;-24;-6;21;-79;-49;54;4;33;-13;-30;47;99;49;68;-5;12;3;-60;63;35;-28;44;64;13;73;-45;55;38;62;65;0;-47;25;22;8;71;19;46;-41;71;50;81;-58;12;-14;-85;50;27;-44;-62;48;53;47;86;7;32;29;-93;-53;96;99;65;70;21;70;-7;-26;-73;-41;23;92;57;81;91;85;-9;1;-48;-74;57;4;-72;-18;23;-83;46;5;39;-86;76;-59;12;-2;-37;71;84;-89;20;42;93;41;23;-33;32;-54;91;71;55;-99;-84;-69;-23;80;-10;-8;71;-17;-54;4;-77;87;35;-88;-17;-19;-20;-41;18;-80;-99;-21;80;9;-67;-84;81;60;49;-23;-74;74;49;37;98;45;63;31;-92;71;-100;0;65;-84;18;-95;-94;11;84;-49;65;32;-47;35;99;36;-50;68;47;-26;10;-90;34;68;-22;-52;-63;97;-87;37;17;48;-50;47;-81;0;14;63;90;-73;-91;-30;76;-2;11;-6;21;-87;37;-38;-6;95;84;34;-40;89;66;96;38;-30;67;-91;-3;-54;33;-83;-19;6;16;-1;-79;-14;77;19;-36;-60;-66;-65;-44;84;27;-77;-41;50;-58;22;64;16;-14;-71;34;17;-75;20;-41;-100;72;29;64;-6;-88;-86;-3;-62;-59;-92;-83;-35;-31;-81;55;30;40;53;42;44;49;47;-96;-89;-48;64;-80;-14;64;3;-40;-43;-41;-36;-32;4;-29;61;71;13;26;-79;9;-66;4;-2;-53;-34;-26;-96;77;-29;77;15;-49;-76;25;53;-59;-52;94;-90;-26;37;47;60;-94;-95;51;-50;-41;78;82;-71;-83;27;-63;69;7;54;17;53;-88;60;26;88;-21;43;-87;-57;79;17;20;22;19;15;47;71;-14;43;-8;-59;15;-77;44;99;-11;48;-3;23;86;55;-54;-13;31;-60;98;13;-89;58;-20;-38;92;7;-29;41;-42;-41;10;2;80;-34;-17;63;-39;-25;-63;88;-85;27;-1;31;-55;-11;-44;-76;-29;-68;91;-22;16;-67;60;28;-37;-70;-51;-93;52;-97;40;-71;-63;95;42;20;-28;-18;-74;-44;-98;-91;-2;-16;-41;48;-83;2;-49;-53;-31;-75;-32;-69;86;47;6;54;0;-70;-75;-70;-64;-89;86;-31;-7;-50;47;36;51;88;-94;34;-24;7;34;-25;-32;14;-87;47;56;4;34;15;60;-94;-91;95;-86;17;82;95;-69;72;72;-14;-3;89;-46;66;55;15;-5;-20;-81;33;55;-22;-88;-70;-15;85;-83;-22;-26;31;-23;-29;8;-13;-59;51;21;-66;-95;-90;3;3;34;-53;78;-21;-41;-54;91;-59;-91;-47;-5;-74;-49;30;82;84;-69;97;77;52;-2
-59;-91;-74;-20;67;25;-97;93;-39;-26;-91;-70;-49;44;64;-48;-94;25;71;-14;-67;22;-77;75;-18;-65;11;68;36;-98;-92;-68;50;-95;-7;-62;51;99;-8;21;88;-53;47;78;-14;96;99;85;-82;32;-75;-29;-94;-34;-35;18;85;-49;98;31;-87;-66;-44;-42;-34;76;-21;-54;-49;26;0;-93;-68;-51;-2;85;74;-55;-11;-15;-65;25;50;-96;77;36;-74;-16;40;74;-48;0;-100;61;7;53;90;-11;12;10;17;53;33;-8;-69;-83;-62;56;67;-21;44;40;62;12;-5;-12;-16;-48;-20;29;49;94;5;-23;-27;-100;-94;-29;42;45;95;-15;32;78;68;-18;91;-42;72;60;-2;-30;16;-40;-71;11;38;-13;-35;-81;-32;37;-92;83;61;22;-53;-44;-82;-69;-89;66;-87;-78;-17;-41;-92;83;44;-87;-4;-75;-20;20;-69;-21;-22;-55;-53;62;-38;18;-94;23;-24;-43;-24;49;-83;-54;-66;35;-60;41;48;31;-44;-6;76;70;3;54;43;-49;23;-58;-43;-13;51;-18;-57;-98;-91;-45;68;-8;60;-10;46;-74;82;-42;66;-3;79;60;85;38;71;-1;-78;83;-32;-24;-41;7;75;55;-100;-67;-100;88;97;35;-98;-69;26;84;72;-44;71;66;47;50;87;-56;88;-55;-29;62;-43;18;15;-48;-41;-41;34;32;96;-40;17;-96;-10;13;-74;93;-40;-70;-5;48;-66;-99;66;15;28;-44;-64;17;-12;-86;19;29;-17;-62;76;-19;-28;45;-25;42;-3;93;87;11;39;66;-25;-66;24;94;83;57;50;23;27;-45;52;-100;23;-97;-77;-84;-57;82;41;88;21;-48;36;44;20;15;55;52;-50;-59;-87;-45;75;61;80;-99;93;-6;-70;62;78;59;10;20;28;-28;-79;-28;19;-19;49;-95;70;51;-56;-77;-3;79;-27;-32;-98;98;-27;-15;-58;-3;-76;61;-78;-78;-77;49;51;79;-91;62;41;-84;-85;-52;-7;-18;-67;69;-9;-92;-15;-76;17;57;3;-87;-79;62;59;80;-14;-75;-23;-69;-53;-41;-50;-4;-42;-100;-47;91;42;-18;-19;-19;63;-76;74;20;64;3;93;-66;-88;99;-56;-35;19;-91;27;89;-81;-72;-24;16;38;84;-100;-66;-68;36;11;-9;54;-7;-18;-66;-25;-78;-51;97;87;-61;-84;82;-69;-57;-81;-53;-86;85;77;-52;-27;-37;71;13;-94;65;42;79;-77;40;-13;-73;92;2;-21;18;17;-90;89;-4;60;30;-99;79;-88;-7;-16;-6;64;53;-81;-53;59;-38;-82;-9;22;69;-72;9;-21;-31;73;-53;52;88;90;29;64;1;30;-96;95;-20;-12;42;-39;92;1;12;-19;-53;-86;-30;21;-60;-32;29;-17;88;96;48;82;-20;-84;-10;56;54;-73;-77;3;55;30;-37;-78;-86;-49;-22;74;-25;-71;30;-33;15;-73;-68;-45;3;26;11;20;-39;-55;76;5;82;-78;14;-37;98;86;7;64;-23;-91;26;17;51;-53;6;88;89;54;-92;59;-35;-20;-34;-48;84;-65;-47;-73;16;2;-58;9;53;58;-60;92;36;-86;76;-11;21;65;89;5;1;14;4;-45;-80;22;31;6;-63;-83;-61;2;55;-38;-21;63;33;-20;-52;74;67;-84;63;92;-93;14;-49;74;78;18;-63;0;-10;61;50;-31;30;97;-93;93;71;36;-28;36;19;38;-64;-26;35;-88;56;-59;16;-86;38;-15;50;11;-52;6;-29;56;27;18;79;38;-89;94;11;-91;-68;35;-28;-45;-97;-69;44;-73;-27;-31;-23;77;-62;66;62;96;83;-25;-78;-35;19;-81;49;1;21;-85;-92;54;56;80;26;-58;62;26;80;-80;68;-39;-89;7;41;22;-62;78;-72;-6;18;61;55;83;54;36;72;-54;-10;-87;86;71;33;87;-78;89;-29;-8;42;-65;-85;11;85;41;-73;22;-37;15;24;96;81;70;-28;-73;-4;-53;98;72;-74;90;-31;15;-64;67;-66;97;27;-77;-15;51;-49;45;-65;93;-21;-94;75;-87;56;-69;-28;-43;21;-6;-68;-85;-1;6;-9;74;91;-1;-34;52;65;-1;-25;-82;7;-70;95;-61;-71;73;44;-65;34;-21;48;-10;-28;84;-85;94;18;-88;94;42;35;-81;-2;-80;32;11;60;51;-21;-17;-73;79;31;56;6;26;-64;-68;-73;48;49;96;-20;-81;57;-100;1;-94;-17;-28;-66;52;4;32;-17;-12;32;74;7;18;-87;93;55;-49;-49;68;58;16;-22;-11;57;-15;85;-55;93;38;38;-22;-37;31;-91;53;-33;-93;-51;-25;-25;98;-27;-82;93;-39;25;8;35;55;-60;-71;68;89;-59;85;27;94;14;48;66;-41;39;45;49;-47;11;75;9;-41;25;48;-98;76;-7;60;-58;-40;-5;-5;60;-23;10;-63;-3;9;9;-26;-10;-76;-74;-27;-8;0;8;-85;-42;28;-32;40;50;50;99;-25;-71;-9;-73;92;-5;-19;42;-33;-2;-82;88;-11;48;2;-53;-61;43;-64;-16;-16;-67;-48;-44;1;-32;-23;1;14;91;55;45;-91;-23;-65;-93;-95;-18;17;78;-92;-19
58;75;-27;12;-82;-33;56;-20;-71;96;13;-35;14;-58;77;-65;25;23;-83;79;-73;-24;42;-27;78;-88;13;-6;-58;57;-74;-42;-24;-97;-26;-23;82;89;-51;-90;44;-66;62;59;-69;44;63;92;-70;70;56;93;61;-71;-46;-18;-68;-100;33;-94;53;-38;-62;-29;69;-45;89;11;68;-1;-48;36;-26;-93;-66;92;13;83;-59;-66;-52;21;-37;-28;-100;-68;-3;-53;48;91;-55;81;-45;-57;-44;-18;96;-10;89;76;54;-48;-77;31;17;-80;19;53;94;-39;68;-51;58;-2;57;-68;98;66;-30;37;58;42;62;77;-46;-30;-20;-70;50;52;96;-77;93;-35;-20;96;-3;32;54;80;12;43;-48;-13;-78;96;-77;57;-15;-77;-17;-71;-80;-48;-83;-88;-11;-54;-24;-54;39;-11;-97;-59;-36;45;-45;-7;-82;61;35;-34;-89;-11;-76;-86;-11;-25;54;-42;-53;23;44;26;-32;67;-97;41;-53;-32;6;-50;-45;8;-59;-77;40;-90;-78;-24;40;29;39;24;-12;-83;-82;30;-73;-97;22;-86;-8;-82;98;-84;44;-24;73;-3;42;14;-55;50;-46;-15;-90;2;-52;-99;-26;-21;-48;-23;18;18;84;-81;-62;-49;48;-28;14;-56;45;-8;58;-63;10;-75;-22;-36;-63;25;34;-74;-17;88;-30;-97;-94;16;-18;-75;29;-57;62;-86;0;-20;-68;24;-63;21;49;-30;99;-99;-96;62;27;73;91;-77;22;-91;-59;26;43;-9;-66;95;49;-65;-56;-68;90;-12;15;2;29;44;37;-70;93;53;-74;15;76;-36;-74;-19;84;8;-24;-67;24;-41;2;19;-99;-65;-30;-92;-55;-64;75;-98;-23;16;-21;10;-14;2;-68;82;-65;61;-71;68;83;25;50;-21;-36;52;-89;-59;59;-90;7;31;86;95;0;-7;-27;28;84;56;78;-77;-62;-41;84;15;95;-19;-25;-7;97;63;-71;33;35;-25;-15;90;43;-7;-75;34;-57;-34;-92;48;24;-10;-98;38;9;7;76;-27;90;59;-13;-10;-5;48;57;29;65;-35;-88;44;1;-48;-40;-76;-93;-17;85;-9;30;-56;80;72;-50;-65;91;4;-21;37;84;-10;86;55;43;75;88;95;-5;94;35;-5;69;77;-47;-37;-53;-28;-70;77;30;-74;22;-16;42;46;79;15;-61;-41;57;-48;-50;-73;-19;22;58;46;8;-16;-64;-88;87;90;55;-66;-26;-98;18;87;88;18;-27;1;-94;58;68;1;-87;97;95;-28;56;-65;-63;-17;-55;41;-5;31;5;0;63;45;41;18;-62;31;29;7;-29;77;96;-48;-29;-62;78;48;-80;23;53;-44;32;11;-12;63;-44;51;53;-28;88;33;6;87;-19;-13;54;28;60;-12;19;-63;72;5;25;-82;-24;3;64;98;4;-3;20;71;78;-52;68;-48;-44;78;-39;-14;78;-44;18;38;-30;-92;70;83;-16;-50;88;32;-96;15;-16;-73;85;-30;-14;52;86;55;68;-9;-88;34;-91;-68;19;2;-29;81;-73;-68;-42;16;86;87;47;-33;32;81;13;-47;9;88;67;-38;64;40;-34;86;-9;8;-1;-77;-12;-73;25;35;99;38;-37;81;79;-94;4;71;-44;68;-59;98;22;-81;-80;-95;-59;14;81;-76;67;47;-32;79;-65;-16;-10;18;32;-65;-73;58;-38;-88;-32;94;17;31;-27;3;-17;96;-95;96;-1;-33;-36;-28;-12;-6;81;73;-55;1;68;-48;-30;-16;46;-5;16;86;-62;-79;40;-18;36;9;51;-75;-12;9;-60;-22;40;71;41;-29;-20;67;-80;-83;-71;-62;-46;-46;12;60;-56;-85;24;-68;85;78;86;-4;57;84;-44;-84;31;54;21;-38;-95;-28;32;67;60;96;10;98;-96;78;-26;-2;56;99;67;-14;69;75;-35;35;1;-45;23;-39;-9;-57;-87;57;-85;-37;-64;-34;-4;66;-67;81;21;45;-100;-53;5;25;-72;-93;4;-12;40;57;-83;70;-54;55;-12;85;61;49;48;-29;-25;17;82;52;83;40;41;-92;-99;89;66;85;64;-76;75;-83;-71;75;-73;15;57;-97;3;-44;40;-56;-84;-20;77;10;-95;-17;-67;-50;-31;-17;-35;52;42;-13;-34;-5;-14;50;91;-68;-95;-78;80;-29;56;86;22;-68;13;-28;-87;26;-88;38;23;-40;-69;-9;84;-17;51;14;54;-8;52;-23;-68;40;-51;-39;17;53;-35;8;-61;94;0;6;54;-81;60;-100;36;97;-31;39;40;-96;63;-95;-36;95;65;7;-20;-10;-33;-13;19;-22;53;82;83;-49;54;-40;-39;4;-2;29;59;25;36;65;22;50;77;57;-77;-87;37;-72;76;-57;97;22;87;57;-73;48;27;-87;86;-25;-35;78;-83;-15;-57;-91;-23;-65;5;-66;-54;39;-42;-100;85;29;12;10;-36;6;41;25;-95;39;-46;-68;-28;3;-24;50;-99;46;38;-40;-1;43;32;-8;14;-87;35;1;23;41;97;-43;-37;87;72;-3;-65;-84;49;-20;33;40;73;-22;-70;-90;36;74;59;54;-68;-1;-99;98;0;-59;96;-80;96;-50;70;-60;-98;-36;41;96;69;-15
31;78;14;85;97;-43;26;59;70;-46;-38;3;-24;61;42;68;8;-3;-44;-36;-14;30;0;-85;-80;-2;10;-7;38;8;36;-67;-59;-49;-58;80;-60;-53;2;44;-29;41;-30;42;57;-8;74;-91;-2;-67;55;-56;40;4;99;-100;-23;-1;65;-2;47;-67;-79;-39;18;-72;-38;-75;18;62;27;-39;94;11;92;44;-41;58;-43;27;23;0;94;4;53;-9;-8;36;-48;-59;2;41;-18;-96;96;-62;20;-91;-76;29;-70;49;-10;36;5;-6;-51;-72;11;-46;41;19;-59;-62;74;-54;-62;16;8;-74;36;26;73;-23;-41;86;79;90;14;54;-76;-50;34;28;-4;74;-90;-42;98;-41;-58;-37;-76;97;0;82;-1;-57;-71;50;99;-97;0;97;93;3;76;-87;-24;18;14;-41;13;57;-70;-10;85;13;41;99;-64;79;17;-51;84;-28;2;75;76;-23;-13;35;61;64;55;-80;49;36;35;92;98;96;82;-21;44;82;49;-34;66;-91;97;86;2;-71;14;-81;-14;-49;-87;20;-99;-100;-63;98;-69;79;-3;49;-98;-90;41;-52;77;48;-99;-61;97;-62;4;-99;22;-65;-92;66;-21;0;-68;32;-51;35;34;-3;23;-86;91;98;59;83;-52;65;-15;-100;-36;56;-32;49;-92;54;-73;-26;-78;-53;47;-89;98;66;91;-30;19;31;46;65;-1;-34;-25;-57;25;63;57;-98;-20;-87;90;39;16;22;70;-48;-2;30;-9;-22;4;75;12;-14;50;11;-85;-76;-94;-11;-36;17;-81;19;0;97;-20;-75;-77;-55;97;-75;94;-92;-43;-93;-5;-24;96;39;72;88;-61;-33;-40;24;54;89;-8;-86;47;33;95;91;49;-28;20;96;-79;72;71;-28;6;-54;-19;-21;80;3;-72;42;-85;39;-73;-33;17;-25;-22;51;-41;75;-57;-9;33;-91;-3;-36;-71;-97;-41;84;-13;-1;-46;-76;67;-1;-19;92;86;81;43;-50;61;49;98;-92;5;27;-26;-27;94;68;37;-54;28;-20;39;-3;49;-83;-51;77;-57;-57;-46;16;-15;-97;0;-83;93;-14;64;-23;-68;93;30;83;-90;-12;58;1;28;86;90;18;61;-92;-5;-13;60;84;-58;69;31;65;-94;17;-6;-18;22;1;-73;-44;-21;8;-96;-40;-87;35;50;55;-13;-40;-42;48;-52;-43;-47;36;54;-23;8;-87;-43;-91;-57;95;45;-34;86;-88;-11;28;66;-43;-27;-28;6;-19;14;1;94;59;36;-96;-3;81;10;83;16;48;-36;58;28;-55;93;-86;99;-30;-35;-92;14;47;49;37;-34;58;-6;-99;-26;76;51;72;-79;-48;-17;49;-24;-48;12;-38;-15;62;49;-63;48;30;-100;21;-36;-41;-28;-64;-84;6;87;-53;-90;98;38;38;-14;9;8;40;97;-8;37;-25;61;-57;38;47;57;-98;22;52;97;11;89;35;58;73;37;-85;3;14;56;14;-35;-64;38;-23;14;74;75;76;-47;-91;-60;-44;93;24;59;-80;20;25;-21;-87;83;-65;-51;-1;-91;-98;79;13;71;-7;-64;-17;36;-78;-90;25;5;-40;-68;83;-74;46;-2;87;-30;33;42;-66;-86;17;-6;77;-65;42;30;-71;86;-61;-32;11;94;-38;-96;59;73;57;20;70;14;-67;15;-40;-8;-4;86;-63;36;-38;-72;-25;-41;45;-2;-46;99;-42;-53;93;-8;80;39;-35;92;21;88;64;42;39;-86;13;-87;72;19;80;-99;-66;-15;39;55;-7;-7;24;-90;92;-48;-51;63;49;60;14;9;26;-22;33;-6;-51;-33;71;7;-78;-6;97;-53;15;-38;-13;-75;18;-48;64;73;8;-63;98;-14;-86;-46;-100;-32;38;-100;92;78;0;-97;-13;-7;86;-14;52;66;13;-69;33;99;-4;-23;-5;30;64;-77;-55;-4;96;40;-99;-12;-20;-53;-21;95;-33;2;68;-79;1;-82;47;11;75;93;-61;-69;0;97;-40;-24;4;99;90;37;58;-31;4;15;55;-5;82;59;-98;98;-87;38;-93;57;-1;-90;-38;11;-3;-23;29;84;55;70;84;-87;96;98;-20;24;83;-19;-44;41;-64;97;98;-47;-34;-95;-64;88;9;76;80;0;-76;43;-3;-51;-87;93;1;12;-92;74;14;33;30;41;-1;83;-22;-23;-86;32;-19;-35;20;2;-89;-91;-55;-9;-60;41;-25;78;89;-17;88;-47;0;-70;11;90;79;44;33;-38;-17;-35;22;24;6;-47;9;-69;61;-52;-82;59;-78;95;-62;-96;48;-90;-29;-34;-1;35;43;-53;52;-54;-17;-53;66;-77;52;37;31;-42;-82;46;-14;20;85;87;-68;-57;-83;41;-36;-71;-70;4;92;6;-58;69;-27;-33;63;48;21;-25;71;-40;70;-39;-35;37;-5;-19;-73;64;77;-9;18;-73;-76;-17;-66;-45;18;-98;82;22;-85;78;-45;-40;81;83;-36;-36;-5;-30;-75;-89;48;24;-83;70;78;-21;-54;83;-98;-34;27;1;88;-86;44;89;-67;7;-70;19;-8;-52;-56;91;-94;-95;56;11;-84;62;-32;6;-34;7;-21;-1;-34;-37;-24;-62;55;98;20;48;-50
54;-29;66;-61;-26;-69;87;-60;5;18;-1;-20;-75;64;73;22;34;66;-60;98;-80;-66;-20;35;-56;23;69;-69;91;63;-6;28;-4;40;-48;33;89;-29;41;31;-20;-34;60;89;79;-81;-60;-1;3;16;-79;-69;-20;50;-70;19;91;-69;95;51;-39;56;-51;42;-77;71;83;-16;12;-60;33;-38;-76;8;17;53;-26;-9;56;-76;-18;-30;27;-25;42;-38;-52;45;10;32;42;58;-24;90;-31;24;-83;-82;65;-92;-65;55;87;-37;82;58;-94;71;-67;-24;-55;-1;-26;71;-31;90;-72;74;-100;61;22;-62;74;79;-3;74;86;-66;-61;92;36;-44;26;48;88;26;-17;-36;-8;83;-45;-23;11;-66;-13;-58;-17;5;20;-22;-5;-57;-83;-96;-15;97;81;-92;65;-92;72;71;32;-60;39;88;73;26;82;42;7;64;-18;-84;5;-55;26;40;-9;-45;-9;-20;14;60;-4;-7;-62;21;-38;90;45;-25;-1;-16;-90;-17;44;-30;-6;-2;-31;57;22;77;71;31;61;-99;-2;-60;-30;-59;16;10;17;-8;-43;72;44;-54;50;-49;-36;91;97;-68;-35;97;-94;-79;0;-44;-54;92;86;33;57;36;89;65;31;-64;-78;-78;20;3;58;88;66;18;-75;72;26;-53;47;-83;-7;30;79;38;-34;63;95;-24;39;-86;95;23;23;83;34;21;82;78;14;13;-72;-59;-29;-6;-27;-24;-69;-13;95;27;29;98;-56;68;-60;-74;56;-50;-1;68;-59;45;-18;5;8;-65;-36;83;84;4;89;47;32;-66;88;-49;-41;-15;-35;90;32;7;-19;-89;-15;96;-22;55;42;7;64;32;-21;46;-29;-17;58;65;85;-62;-89;-53;3;-9;37;81;-34;-90;80;89;67;-30;84;9;-64;34;-36;-30;-80;12;56;9;-59;-24;40;-43;-32;86;62;5;-8;-7;0;-73;78;-16;-96;89;-26;3;30;-32;74;52;39;-7;48;70;9;37;-82;-12;44;-27;-18;1;-95;-74;50;-20;12;-21;-52;-25;-3;-27;70;57;30;51;30;-26;96;17;81;-12;35;-12;37;-54;9;-2;-24;-76;-13;-96;48;-74;45;-23;-21;77;-61;93;90;-50;-81;-1;-45;-35;23;90;-61;58;-93;43;-9;-73;-9;93;66;17;-11;4;71;-86;-97;-76;88;-7;25;43;-88;-47;-28;52;-65;-97;26;31;-32;-65;-67;-29;22;18;-42;18;-83;43;12;20;34;51;11;62;-12;34;-79;75;-53;95;11;62;40;79;78;86;-15;-46;7;-13;1;60;25;30;-17;-82;81;-47;56;-15;-93;-56;80;-96;-92;-40;42;10;-36;1;81;50;-16;-27;24;-29;30;43;39;-29;-68;62;-64;-76;-81;74;-74;80;-22;-30;52;68;-81;61;87;-34;81;36;70;17;-56;75;90;-94;6;50;-25;-49;-95;-88;-13;-62;13;-15;-48;-55;-92;55;84;-66;-66;61;-69;93;48;-88;31;22;-15;-43;-11;94;72;-78;-74;-43;71;-70;18;-32;-2;74;74;-34;82;14;-45;33;9;42;-42;-74;51;36;-18;-17;43;96;-43;-6;-81;53;65;48;22;-8;-35;-9;-41;95;-27;78;-64;15;35;-41;87;65;-89;-67;57;97;-87;42;99;-38;-57;-64;39;43;13;74;72;-76;-51;45;-91;-74;43;-10;-51;63;-26;13;-31;-20;89;-65;-100;-77;-4;77;85;-77;36;-79;39;-78;48;-41;-51;-72;52;16;-18;-1;-95;-88;-34;90;-50;60;-79;21;84;93;22;0;-27;19;-28;-93;-64;15;-54;35;88;48;-13;-73;-95;86;-23;-17;-60;-80;-89;58;-69;69;-26;77;69;-91;72;35;56;-36;-62;43;-2;-61;48;-71;87;-59;92;-64;-31;46;11;-43;24;-62;85;-37;-18;38;-20;64;82;64;-32;4;-56;-5;-62;-74;43;11;79;23;9;44;28;65;-62;-52;-4;98;-72;74;-11;-16;-43;-83;-48;30;-76;9;-48;-83;84;-26;60;34;71;-56;84;-9;-98;65;-7;57;66;87;47;80;9;-81;-75;-66;-59;-19;36;-93;-26;83;-54;-73;-57;8;-98;-67;-42;61;38;-65;83;94;94;94;-36;-95;95;-38;-19;31;18;-31;-30;-28;-80;-96;-17;-82;76;2;37;53;-40;87;97;56;-52;-6;63;-41;-1;-95;-51;11;96;15;-75;-69;70;-64;-15;-27;26;43;-35;76;57;70;-13;97;49;-61;85;-64;-3;-70;33;-94;96;7;56;1;-1;-79;-68;12;-80;58;-25;4;79;-48;-52;39;-83;-37;-73;16;21;-80;99;-23;-94;65;9;-41;-81;-88;-87;66;81;-82;-66;-38;-20;84;74;4;11;52;55;98;-6;82;-82;-4;91;-55;-81;-67;-97;-84;-15;76;8;-22;-6;33;11;72;-7;-92;45;9;22;60;-82;85;-41;-68;-12;22;-95;68;-35;-100;82;-76;47;-87;-32;74;93;79;62;64;33;-42;54;-99;-10;-59;93;38;-41;47;-47;85;-40;-43;-22;-95;85;86;45;-20;-90;16;10;7;-5;-30;85;-2;4;18;-86;65;46;57;-73;60;-69;-42;42;-53;28;-33;8;17;47;97;63;-10
34;-38;88;-93;-66;-19;53;-84;47;-53;5;-81;-44;-6;-66;40;33;-13;-62;2;-70;18;74;27;-57;-3;51;43;-93;93;59;-3;6;-5;63;-59;29;-94;31;-36;-97;-89;-88;84;52;23;90;-66;-68;68;84;-40;59;-39;-40;-84;-12;-39;64;36;29;-90;-92;54;-13;-93;13;61;31;92;-89;26;56;73;-2;-81;5;89;74;20;7;17;10;-61;-92;-1;38;-56;-65;46;53;-32;-58;94;34;93;-98;-42;-4;44;-91;-71;2;-61;56;-42;4;85;63;-60;11;-2;-13;-57;-71;-88;-1;68;45;88;-31;-32;26;84;-61;42;-17;61;-62;4;-84;-54;-7;-71;10;-22;-85;-29;-18;50;94;53;-19;94;-65;-46;81;99;65;22;-6;-67;13;8;-25;41;2;18;99;-86;74;43;46;-42;-76;-36;-95;-43;32;51;96;-72;-15;94;93;15;87;32;48;85;61;-16;95;16;-90;82;33;84;54;69;75;-3;-29;-32;76;-49;-94;-78;69;70;-51;23;-34;-86;26;-34;47;18;14;59;53;70;69;-86;-48;-11;47;-70;-52;-59;31;-80;3;63;75;-1;56;-83;-83;41;9;65;62;78;36;-63;-82;81;90;44;-66;-86;-30;94;-85;-96;27;-44;-84;-14;4;75;73;27;-61;-72;-80;2;-62;-74;9;30;1;72;-50;88;-92;90;-22;-86;-29;66;-60;4;-93;17;50;9;47;71;71;0;-100;31;-63;33;91;-66;39;7;-83;15;42;63;-66;3;13;-3;43;-73;95;37;78;-99;-86;37;35;-31;20;21;-22;11;55;-33;-46;-91;29;69;35;17;97;74;-49;70;97;56;-76;-23;-31;3;-96;-47;65;20;75;-66;21;99;16;0;98;22;13;-83;-71;5;59;-25;8;-75;74;43;61;-74;-71;-79;-15;-92;-96;-42;13;-42;99;-83;17;-76;45;-66;-9;-80;-12;30;-48;-65;18;-26;-40;-66;40;-9;96;48;68;-56;28;-40;-9;39;-10;53;49;12;95;-42;86;40;23;-5;-1;-96;59;25;83;-12;37;-57;-10;26;7;54;61;-50;-33;12;-39;64;-11;55;-11;-43;33;-94;43;37;-29;75;35;94;-52;78;51;65;35;35;32;-29;65;-21;6;-15;69;64;-68;35;92;-2;-56;-18;97;-79;-50;67;-94;-58;-29;53;81;-55;-83;62;7;-4;-23;28;-97;95;15;31;80;90;99;-90;-52;-97;-13;68;73;-93;45;72;30;-48;96;-73;28;84;58;-7;-36;78;-11;19;-38;44;77;-28;-13;4;32;96;82;12;2;-93;-79;-60;18;-98;54;3;80;73;0;-56;-69;-45;-1;-50;-100;-81;-63;-78;-33;-99;0;-21;47;4;-74;-86;-19;-31;-25;48;90;-83;50;89;-95;-12;-35;55;38;60;98;15;-82;-83;12;22;73;-64;4;13;59;59;-55;0;6;42;-8;-86;76;39;-78;10;-2;52;-46;-87;5;10;-56;11;54;-19;-17;6;-97;84;-40;30;91;4;-59;-56;65;61;88;-70;72;-51;-18;-37;95;-50;79;99;38;-13;-83;-34;62;-2;-84;-38;91;92;59;-22;-25;38;-3;21;-19;61;-78;-28;-3;77;45;37;64;-76;-59;-45;-73;81;16;3;1;-16;68;15;67;94;68;-8;-13;78;-48;73;-98;9;54;-66;51;60;82;-66;-73;6;1;61;42;-21;2;38;-43;61;-65;-90;-24;-45;76;91;69;81;54;-14;93;29;85;18;24;71;35;-46;-31;-94;4;-34;98;-19;-25;95;82;-94;72;-13;-8;-71;-65;26;42;-58;-3;46;32;63;-36;69;-94;-5;-60;-2;20;83;-64;70;44;-53;-32;-49;-44;69;-89;94;80;81;-92;63;-91;-34;94;63;-6;-41;75;-18;-26;88;22;6;42;34;-41;3;-59;77;-26;99;70;-99;43;-56;61;83;-31;73;-70;2;66;50;54;1;60;40;0;-24;-97;-39;-93;54;-4;55;25;62;9;22;10;8;52;-98;7;-91;93;-93;23;50;-98;10;90;-98;-48;71;-78;71;51;-60;73;19;-98;64;74;-87;92;-85;5;87;19;99;-26;46;-37;22;49;63;-57;45;8;53;-83;50;-27;-8;-30;-96;2;24;32;54;-90;-32;48;90;5;88;-72;-6;-84;77;1;35;-70;-97;-64;-57;39;30;-78;-41;27;-94;32;-80;1;-49;-10;-18;42;87;13;81;-46;65;88;-94;98;-28;-84;61;35;49;28;30;-49;-19;19;-30;-44;-73;-35;72;1;-27;-74;-97;36;27;-11;-46;-3;46;52;-72;-36;19;-20;-35;-86;-71;-56;-34;13;-40;23;78;-23;-99;68;-81;31;-80;-75;14;22;41;-21;81;38;85;-31;-30;83;61;-37;89;97;-1;-34;32;-99;-46;-45;-74;82;98;-42;-59;49;-53;25;35;58;-31;22;-23;20;-63;6;23;-61;-1;26;-71;60;73;-17;52;96;34;80;77;34;-64;-82;-23;64;99;31;24;-18;-62;-68;-10;-41;34;12;14;-62;86;-31;59;93;43;-8;2;27;-74;-34;-91;15;5;-56;-86;-33;47;-99;22;-50;-55;12;20;5;82;-60;-99;-34;-65
69;-74;-39;69;13;-90;-35;-79;84;90;43;15;49;38;33;22;-92;76;93;-83;-77;11;32;89;-37;93;-27;48;-46;-89;3;-9;-65;-9;-44;-61;47;46;92;-66;49;-54;63;-90;79;34;-5;74;87;83;73;-37;-93;-51;-88;-43;-7;-28;5;20;36;17;66;72;-14;-49;-20;-42;-19;-7;75;-38;84;58;-33;77;48;21;-90;28;-3;-1;60;-29;-62;-60;-17;85;-21;99;46;-25;-60;-28;-2;-68;-21;91;24;27;-46;-63;-7;-6;-93;10;-22;-52;81;-66;9;71;-39;77;-78;-64;56;-5;33;-54;68;-6;78;-18;47;-1;-78;12;-40;-65;-2;56;97;-17;-26;-40;-94;-34;-37;28;61;-66;-96;-55;-11;74;-87;-37;-51;-39;-25;83;-43;-23;58;59;-42;-89;47;7;-12;66;88;45;35;52;74;77;2;61;-70;-10;-68;-95;-15;33;-10;33;92;72;-14;58;-38;98;60;15;-1;19;24;15;-98;95;19;55;-61;94;-54;-42;9;37;99;-65;60;-12;-70;84;50;-49;92;-75;-32;24;-82;74;-79;29;3;90;84;-80;-48;-46;-47;87;58;-65;71;-23;65;-10;-13;-68;-76;-46;72;-50;98;73;67;76;64;-52;26;-2;-54;-23;76;44;33;10;-10;-44;-27;-12;-16;45;82;73;30;95;-88;-27;-15;2;38;-64;0;64;-99;71;31;30;-78;-92;-44;-96;27;54;41;-20;-41;-74;44;-45;99;-70;59;35;69;-73;-33;-76;-57;72;63;-9;62;-76;60;-90;77;-89;43;61;79;60;-67;-36;-68;-20;-83;-73;-69;-51;35;85;29;-70;3;7;-24;65;94;73;3;6;-14;-50;-56;65;-59;3;94;30;3;-53;-17;82;-25;-62;97;-6;2;-11;-90;-61;93;94;-64;77;61;32;20;-48;33;-89;-83;69;-43;-27;-26;83;-81;-33;-62;13;-67;1;45;-12;2;46;54;-35;10;82;-38;5;63;-36;13;-8;-87;-34;-97;9;82;41;97;-9;-70;13;24;-99;64;-87;-26;-65;-49;-4;-95;-9;-52;47;-25;-85;77;-45;41;51;49;12;-94;93;60;82;69;52;-37;28;30;-8;3;-46;-43;88;-79;53;1;-4;7;-73;-46;-34;-42;-79;-57;-35;91;88;32;27;99;-55;42;18;7;31;-59;82;-56;21;71;22;65;13;87;94;-10;-13;93;-76;54;-56;-57;21;-42;40;35;39;38;3;61;-25;96;-97;-8;-42;11;39;-19;-10;12;18;-48;85;-45;32;0;44;-67;-51;75;3;95;8;72;54;-99;-80;-40;67;96;1;-57;40;60;-4;25;62;-79;29;-18;51;-94;3;12;-65;92;-42;-35;26;-61;90;6;-12;27;-42;-20;-12;-70;37;-44;-10;-22;13;-7;-90;-25;12;-75;59;-94;38;23;3;67;-76;-4;-9;95;37;62;43;55;34;27;-94;95;55;-88;1;-84;-64;31;-17;-27;91;-28;-8;-91;1;60;-20;-68;6;19;1;-33;-97;20;3;61;88;-8;-7;75;12;35;44;86;-13;-85;19;-1;23;43;70;-94;-61;-71;76;52;-96;-18;-6;76;-18;10;-52;-86;-74;38;92;-66;9;40;-72;43;-63;8;61;-45;27;6;22;-14;-60;80;8;63;49;-6;-73;73;44;50;57;5;98;17;-8;-99;-13;29;59;48;-77;-15;89;83;15;-74;69;30;-32;21;-75;-3;60;-93;36;1;-99;-15;-35;31;10;-82;-10;59;82;22;45;20;-85;59;67;97;46;73;-37;55;91;25;-52;22;25;-3;5;-77;25;-41;45;90;81;90;99;-98;-37;-72;-63;-96;95;-70;-100;92;-20;-52;14;8;53;-73;51;86;44;81;10;-24;-64;42;-94;-87;13;-34;-67;23;76;54;39;-76;59;65;33;18;35;-42;59;61;24;-45;-58;-24;82;96;-31;-3;8;59;-54;-100;-20;23;65;21;-78;-77;-9;28;96;-23;-84;26;9;-11;48;87;-7;-68;-50;-15;-79;49;51;81;0;29;-69;16;97;36;-86;-84;8;39;44;-64;-100;-88;-4;12;67;-70;64;-53;-62;15;67;-8;-53;-18;-96;-25;8;60;78;31;71;83;-80;-8;91;74;31;-40;-38;99;-83;70;45;12;87;-19;36;38;17;90;84;4;42;84;61;39;-31;15;31;38;7;48;60;-87;-36;-83;91;-97;20;93;-1;4;84;-61;-2;97;46;34;-6;23;39;70;-58;88;46;-33;-59;-65;30;-48;4;-84;28;23;-9;-31;-91;32;-53;70;-11;32;-83;24;-10;-20;19;3;-14;64;92;34;-80;-92;99;37;5;72;-34;97;76;56;-28;-33;-12;-17;76;-40;47;-72;88;-86;-14;24;-66;-93;52;18;-3;-34;47;37;49;66;-41;70;95;19;24;54;63;-64;-35;-50;93;33;-40;49;-65;-93;4;-42;55;-43;76;78;-53;-5;74;92;84;87;-25;-100;-50;-62;-94;6;-92;18;-13;-44;36;93;-36;51;48;-64;31;1;47;-97;-18;-11;62;-12;82;-9;90;-19;22;0;45;32;70;76;61;-35;99;55;26;54;41;16;19;-52;22;62;93;-76;-70;-90;64
